,AGE,CAP_HIT,DATE,EXTENSION,LENGTH,PLAYER,POS,STRUCTURE,TEAM,TYPE,VALUE,id
0,31,800000,2020,0,1,Aaron Dell,G,1-way,TOR,Stnd (UFA),800000,AaronDell2020
1,30,600000,2013,0,1,Aaron Johnson,D,1-way,NYR,Stnd (UFA),600000,AaronJohnson2013
2,28,1500000,2012,0,3,Aaron Rome,D,1-way,DAL,Stnd (UFA),4500000,AaronRome2012
3,29,1850000,2012,0,4,Adam Burish,RW,1-way,SJS,Stnd (UFA),7400000,AdamBurish2012
4,24,650000,2017,0,1,Adam Clendening,RD,1-way,ARI,Stnd (UFA),650000,AdamClendening2017
5,32,650000,2018,0,1,Adam Cracknell,RW,1-way,TOR,Stnd (UFA),650000,AdamCracknell2018
6,25,750000,2022,0,1,Adam Gaudette,"C, RW",1-way,TOR,Stnd (UFA),750000,AdamGaudette2022
7,32,600000,2013,0,1,Adam Hall,RW,1-way,PHI,Stnd (UFA),600000,AdamHall2013
8,29,600000,2013,0,1,Adam Pardy,LD,1-way,WPG,Stnd (UFA),600000,AdamPardy2013
9,31,1000000,2015,0,1,Adam Pardy,LD,1-way,WPG,Stnd (UFA),1000000,AdamPardy2015
10,25,762500,2022,0,2,AJ Greer,"RW, LW",1-way,BOS,Stnd (UFA),1525000,AJGreer2022
11,27,750000,2020,0,1,Alan Quine,C,1-way,EDM,Stnd (UFA),750000,AlanQuine2020
12,33,1000000,2017,0,1,Ales Hemsky,RW,1-way,MTL,Stnd (UFA),1000000,AlesHemsky2017
13,25,900000,2017,0,1,Alexander Burmistrov,"C, RW",1-way,VAN,Stnd (UFA),900000,AlexanderBurmistrov2017
14,35,3500000,2021,0,1,Alexander Edler,LD,1-way,LAK,35+ (UFA),3500000,AlexanderEdler2021
15,30,6250000,2017,0,5,Alexander Radulov,RW,1-way,DAL,Stnd (UFA),31250000,AlexanderRadulov2017
16,28,7000000,2012,0,1,Alexander Semin,"RW, LW",1-way,CAR,Stnd (UFA),7000000,AlexanderSemin2012
17,31,1100000,2015,0,1,Alexander Semin,"RW, LW",1-way,MTL,Stnd (UFA),1100000,AlexanderSemin2015
18,25,2250000,2020,0,1,Alexander Wennberg,C,1-way,FLA,Stnd (UFA),2250000,AlexanderWennberg2020
19,26,4500000,2021,0,3,Alexander Wennberg,C,1-way,SEA,Stnd (UFA),13500000,AlexanderWennberg2021
20,26,660000,2017,0,1,Alex Chiasson,RW,1-way,WSH,Stnd (UFA),660000,AlexChiasson2017
21,27,650000,2018,0,1,Alex Chiasson,RW,1-way,EDM,Stnd (UFA),650000,AlexChiasson2018
22,28,2150000,2019,0,2,Alex Chiasson,RW,1-way,EDM,Stnd (UFA),4300000,AlexChiasson2019
23,30,750000,2021,0,1,Alex Chiasson,RW,1-way,VAN,Stnd (UFA),750000,AlexChiasson2021
24,39,1000000,2013,0,1,Alexei Kovalev,RW,1-way,FLA,35+ (UFA),1000000,AlexeiKovalev2013
25,32,1800000,2012,0,1,Alexei Ponikarovsky,LW,1-way,WPG,Stnd (UFA),1800000,AlexeiPonikarovsky2012
26,26,1050000,2020,0,1,Alex Galchenyuk,"LW, C, RW",1-way,OTT,Stnd (UFA),1050000,AlexGalchenyuk2020
27,27,750000,2021,0,1,Alex Galchenyuk,"LW, C, RW",1-way,ARI,Stnd (UFA),750000,AlexGalchenyuk2021
28,35,5000000,2021,0,1,Alex Goligoski,LD/RD,1-way,MIN,35+ (UFA),5000000,AlexGoligoski2021
29,30,8800000,2020,0,7,Alex Pietrangelo,RD,1-way,VGK,Stnd (UFA),61600000,AlexPietrangelo2020
30,34,750000,2022,0,1,Alex Stalock,G,1-way,CHI,Stnd (UFA),750000,AlexStalock2022
31,27,601000,2012,0,1,Al Montoya,G,1-way,WPG,Stnd (UFA),601000,AlMontoya2012
32,28,601000,2013,0,1,Al Montoya,G,1-way,WPG,Stnd (UFA),601000,AlMontoya2013
33,29,1050000,2014,0,2,Al Montoya,G,1-way,FLA,Stnd (UFA),2100000,AlMontoya2014
34,28,7000000,2019,0,7,Anders Lee,"LW, C",1-way,NYI,Stnd (UFA),49000000,AndersLee2019
35,27,2500000,2017,0,2,Anders Nilsson,G,1-way,VAN,Stnd (UFA),5000000,AndersNilsson2017
36,25,1200000,2020,0,1,Andreas Athanasiou,"LW, RW",1-way,LAK,Stnd (UFA),1200000,AndreasAthanasiou2020
37,27,3000000,2022,0,1,Andreas Athanasiou,"LW, RW",1-way,CHI,Stnd (UFA),3000000,AndreasAthanasiou2022
38,29,900000,2013,0,1,André Benoît,LD,1-way,COL,Stnd (UFA),900000,AndréBenoît2013
39,30,800000,2014,0,1,André Benoît,LD,1-way,BUF,Stnd (UFA),800000,AndréBenoît2014
40,27,5500000,2022,0,5,André Burakovsky,"RW, LW",1-way,SEA,Stnd (UFA),27500000,AndréBurakovsky2022
41,29,5500000,2015,0,6,Andrej Sekera,LD/RD,1-way,EDM,Stnd (UFA),33000000,AndrejSekera2015
42,33,1500000,2019,0,1,Andrej Sekera,LD/RD,1-way,DAL,Stnd (UFA),2000000,AndrejSekera2019
43,27,1300000,2018,0,1,Andrej Sustr,RD,1-way,ANA,Stnd (UFA),1300000,AndrejSustr2018
44,32,600000,2013,0,1,Andrew Alberts,D,1-way,VAN,Stnd (UFA),600000,AndrewAlberts2013
45,34,1000000,2021,0,1,Andrew Cogliano,LW,1-way,SJS,Stnd (UFA),1000000,AndrewCogliano2021
46,27,5625000,2022,0,5,Andrew Copp,"C, LW, RW",1-way,DET,Stnd (UFA),28125000,AndrewCopp2022
47,28,800000,2015,0,2,Andrew Desjardins,C,1-way,CHI,Stnd (UFA),1600000,AndrewDesjardins2015
48,34,3250000,2013,0,4,Andrew Ference,RD,1-way,EDM,Stnd (UFA),13000000,AndrewFerence2013
49,31,700000,2019,0,1,Andrew Hammond,G,1-way,BUF,Stnd (UFA),700000,AndrewHammond2019
50,30,5500000,2016,0,7,Andrew Ladd,LW,1-way,NYI,Stnd (UFA),38500000,AndrewLadd2016
51,28,750000,2019,0,2,Andy Andreoff,"LW, C",1-way,PHI,Stnd (UFA),1500000,AndyAndreoff2019
52,37,700000,2021,0,1,Andy Greene,LD/RD,1-way,NYI,35+ (UFA),2700000,AndyGreene2021
53,28,600000,2016,0,1,Andy Miele,C,1-way,PHI,Stnd (UFA),600000,AndyMiele2016
54,26,750000,2019,0,1,Andy Welinski,RD,1-way,PHI,Stnd (UFA),750000,AndyWelinski2019
55,27,750000,2020,0,1,Andy Welinski,RD,1-way,ANA,Stnd (UFA),750000,AndyWelinski2020
56,25,1000000,2021,0,1,Anthony Deangelo,RD,1-way,CAR,Stnd (UFA),1000000,AnthonyDeangelo2021
57,22,650000,2018,0,1,Anthony Duclair,"LW, RW",1-way,CBJ,Stnd (UFA),650000,AnthonyDuclair2018
58,24,1700000,2020,0,1,Anthony Duclair,"LW, RW",1-way,FLA,Stnd (UFA),1700000,AnthonyDuclair2020
59,25,750000,2019,0,2,Anthony Stolarz,G,1-way,ANA,Stnd (UFA),1500000,AnthonyStolarz2019
60,28,3000000,2018,0,4,Antoine Roussel,LW,1-way,VAN,Stnd (UFA),12000000,AntoineRoussel2018
61,32,3750000,2015,0,2,Antoine Vermette,"C, LW",1-way,ARI,Stnd (UFA),7500000,AntoineVermette2015
62,33,1750000,2016,0,2,Antoine Vermette,"C, LW",1-way,ANA,Stnd (UFA),3500000,AntoineVermette2016
63,27,700000,2020,0,1,Anton Forsberg,G,1-way,EDM,Stnd (UFA),700000,AntonForsberg2020
64,27,800000,2013,0,1,Anton Khudobin,G,1-way,CAR,Stnd (UFA),800000,AntonKhudobin2013
65,30,1200000,2016,0,2,Anton Khudobin,G,1-way,BOS,Stnd (UFA),2400000,AntonKhudobin2016
66,32,2500000,2018,0,2,Anton Khudobin,G,1-way,DAL,Stnd (UFA),5000000,AntonKhudobin2018
67,34,3333333,2020,0,3,Anton Khudobin,G,1-way,DAL,Stnd (UFA),10000000,AntonKhudobin2020
68,27,750000,2018,0,1,Anton Rödin,RW,1-way,ANA,Stnd (UFA),750000,AntonRödin2018
69,32,5500000,2019,0,3,Anton Strålman,RD,1-way,FLA,Stnd (UFA),16500000,AntonStrålman2019
70,35,1000000,2022,0,1,Anton Strålman,RD,1-way,BOS,35+ (UFA),1000000,AntonStrålman2022
71,32,1000000,2014,0,1,Anton Volchenkov,D,1-way,NSH,Stnd (UFA),1000000,AntonVolchenkov2014
72,33,700000,2017,0,1,Antti Niemi,G,1-way,PIT,Stnd (UFA),700000,AnttiNiemi2017
73,32,2000000,2021,0,2,Antti Raanta,G,1-way,CAR,Stnd (UFA),4000000,AnttiRaanta2021
74,27,11642857,2019,0,7,Artemi Panarin,LW,1-way,NYR,Stnd (UFA),81500000,ArtemiPanarin2019
75,25,1250000,2018,0,2,Austin Czarnik,"C, RW",1-way,CGY,Stnd (UFA),2500000,AustinCzarnik2018
76,34,2000000,2015,0,2,Barret Jackman,LD,1-way,NSH,Stnd (UFA),4000000,BarretJackman2015
77,24,725000,2016,0,1,Beau Bennett,"RW, LW",1-way,NJD,Stnd (UFA),725000,BeauBennett2016
78,25,650000,2017,0,1,Beau Bennett,"RW, LW",1-way,STL,Stnd (UFA),650000,BeauBennett2017
79,28,3500000,2019,0,3,Ben Chiarot,LD/RD,1-way,MTL,Stnd (UFA),10500000,BenChiarot2019
80,31,4750000,2022,0,4,Ben Chiarot,LD/RD,1-way,DET,Stnd (UFA),19000000,BenChiarot2022
81,26,1500000,2019,0,1,Ben Hutton,LD,1-way,LAK,Stnd (UFA),1500000,BenHutton2019
82,28,750000,2021,0,1,Ben Hutton,LD,1-way,VGK,Stnd (UFA),750000,BenHutton2021
83,32,2666667,2016,0,3,Ben Lovejoy,RD,1-way,NJD,Stnd (UFA),8000000,BenLovejoy2016
84,25,1800000,2012,0,1,Benoit Pouliot,LW,1-way,TBL,Stnd (UFA),1800000,BenoitPouliot2012
85,26,1300000,2013,0,1,Benoit Pouliot,LW,1-way,NYR,Stnd (UFA),1300000,BenoitPouliot2013
86,27,4000000,2014,0,5,Benoit Pouliot,LW,1-way,EDM,Stnd (UFA),20000000,BenoitPouliot2014
87,30,1150000,2017,0,1,Benoit Pouliot,LW,1-way,BUF,Stnd (UFA),1150000,BenoitPouliot2017
88,31,750000,2018,0,1,Ben Street,C,1-way,ANA,Stnd (UFA),750000,BenStreet2018
89,29,4900000,2021,0,6,Blake Coleman,"RW, LW",1-way,CGY,Stnd (UFA),29400000,BlakeColeman2021
90,27,1000000,2013,0,1,Blake Comeau,"RW, LW",1-way,CBJ,Stnd (UFA),1000000,BlakeComeau2013
91,28,700000,2014,0,1,Blake Comeau,"RW, LW",1-way,PIT,Stnd (UFA),700000,BlakeComeau2014
92,29,2400000,2015,0,3,Blake Comeau,"RW, LW",1-way,COL,Stnd (UFA),7200000,BlakeComeau2015
93,32,2400000,2018,0,3,Blake Comeau,"RW, LW",1-way,DAL,Stnd (UFA),7200000,BlakeComeau2018
94,25,525000,2012,0,1,Bobby Butler,RW,1-way,NJD,Stnd (UFA),525000,BobbyButler2012
95,33,1000000,2020,0,1,Bobby Ryan,"RW, LW",1-way,DET,Stnd (UFA),1000000,BobbyRyan2020
96,28,925000,2018,0,1,Bogdan Kiselevich,LD,1-way,FLA,Stnd (UFA),925000,BogdanKiselevich2018
97,29,3000000,2013,0,3,Boyd Gordon,C,1-way,EDM,Stnd (UFA),9000000,BoydGordon2013
98,32,950000,2016,0,1,Boyd Gordon,C,1-way,PHI,Stnd (UFA),950000,BoydGordon2016
99,30,1000000,2012,0,1,Brad Boyes,"RW, C",1-way,NYI,Stnd (UFA),1000000,BradBoyes2012
100,31,1000000,2013,0,1,Brad Boyes,"RW, C",1-way,FLA,Stnd (UFA),1000000,BradBoyes2013
101,33,700000,2015,0,1,Brad Boyes,"RW, C",1-way,TOR,Stnd (UFA),700000,BradBoyes2015
102,30,4300000,2020,0,2,Braden Holtby,G,1-way,VAN,Stnd (UFA),8600000,BradenHoltby2020
103,31,2000000,2021,0,1,Braden Holtby,G,1-way,DAL,Stnd (UFA),2000000,BradenHoltby2021
104,28,650000,2017,0,2,Brad Hunt,LD/RD,1-way,VGK,Stnd (UFA),1300000,BradHunt2017
105,32,800000,2021,0,1,Brad Hunt,LD/RD,1-way,VAN,Stnd (UFA),800000,BradHunt2021
106,34,2000000,2014,0,1,Brad Richards,"C, LW",1-way,CHI,Stnd (UFA),2000000,BradRichards2014
107,35,3000000,2015,0,1,Brad Richards,"C, LW",1-way,DET,35+ (UFA),4000000,BradRichards2015
108,28,1150000,2013,0,2,Brad Richardson,C,1-way,VAN,Stnd (UFA),2300000,BradRichardson2013
109,33,1250000,2018,0,2,Brad Richardson,C,1-way,ARI,Stnd (UFA),2500000,BradRichardson2018
110,35,1000000,2020,0,1,Brad Richardson,C,1-way,NSH,35+ (UFA),1000000,BradRichardson2020
111,36,800000,2021,0,1,Brad Richardson,C,1-way,CGY,35+ (UFA),800000,BradRichardson2021
112,27,637500,2012,0,2,Brad Staubitz,RW,1-way,ANA,Stnd (UFA),1275000,BradStaubitz2012
113,25,762500,2021,0,2,Brady Keeper,RD,1-way,VAN,Stnd (UFA),1525000,BradyKeeper2021
114,26,650000,2018,0,1,Brandon Davidson,LD,1-way,CHI,Stnd (UFA),650000,BrandonDavidson2018
115,28,2250000,2018,0,2,Brandon Manning,LD,1-way,CHI,Stnd (UFA),4500000,BrandonManning2018
116,25,1100000,2016,0,1,Brandon Pirri,"RW, LW",1-way,NYR,Stnd (UFA),1100000,BrandonPirri2016
117,28,775000,2019,0,2,Brandon Pirri,"RW, LW",1-way,VGK,Stnd (UFA),1550000,BrandonPirri2019
118,28,2500000,2012,0,4,Brandon Prust,"LW, C",1-way,MTL,Stnd (UFA),10000000,BrandonPrust2012
119,28,4500000,2021,0,5,Brandon Saad,"LW, RW",1-way,STL,Stnd (UFA),22500000,BrandonSaad2021
120,27,3500000,2019,0,6,Brandon Tanev,"LW, RW",1-way,PIT,Stnd (UFA),21000000,BrandonTanev2019
121,25,700000,2019,0,1,Brendan Leipsic,LW,1-way,WSH,Stnd (UFA),700000,BrendanLeipsic2019
122,26,1350000,2022,0,1,Brendan Lemieux,"LW, RW",1-way,LAK,Stnd (UFA),1350000,BrendanLemieux2022
123,32,800000,2021,0,1,Brendan Smith,LD/RD,1-way,CAR,Stnd (UFA),800000,BrendanSmith2021
124,33,1100000,2022,0,2,Brendan Smith,LD/RD,1-way,NJD,Stnd (UFA),2200000,BrendanSmith2022
125,34,1500000,2013,0,1,Brenden Morrow,LW,1-way,STL,Stnd (UFA),1500000,BrendenMorrow2013
126,35,1550000,2014,0,1,Brenden Morrow,LW,1-way,TBL,35+ (UFA),1550000,BrendenMorrow2014
127,24,850000,2016,0,1,Brett Connolly,"RW, LW",1-way,WSH,Stnd (UFA),850000,BrettConnolly2016
128,27,3500000,2019,0,4,Brett Connolly,"RW, LW",1-way,FLA,Stnd (UFA),14000000,BrettConnolly2019
129,24,1500000,2022,0,1,Brett Howden,"C, LW",1-way,VGK,Stnd (UFA),1500000,BrettHowden2022
130,28,2750000,2022,0,4,Brett Kulak,LD/RD,1-way,EDM,Stnd (UFA),11000000,BrettKulak2022
131,30,700000,2012,0,1,Brett Lebda,LW,1-way,CBJ,Stnd (UFA),700000,BrettLebda2012
132,25,1000000,2019,0,1,Brett Ritchie,RW,1-way,BOS,Stnd (UFA),1000000,BrettRitchie2019
133,28,750000,2022,0,1,Brett Ritchie,RW,1-way,CGY,Stnd (UFA),750000,BrettRitchie2022
134,29,2000000,2014,0,3,Brian Boyle,"LW, C",1-way,TBL,Stnd (UFA),6000000,BrianBoyle2014
135,32,2550000,2017,0,2,Brian Boyle,"LW, C",1-way,NJD,Stnd (UFA),5100000,BrianBoyle2017
136,34,940000,2019,0,1,Brian Boyle,"LW, C",1-way,FLA,Stnd (UFA),940000,BrianBoyle2019
137,36,750000,2021,0,1,Brian Boyle,"LW, C",1-way,PIT,35+ (UFA),750000,BrianBoyle2021
138,37,1500000,2016,0,1,Brian Campbell,LD,1-way,CHI,35+ (UFA),2250000,BrianCampbell2016
139,32,2750000,2017,0,2,Brian Elliott,G,1-way,PHI,Stnd (UFA),5500000,BrianElliott2017
140,36,900000,2021,0,1,Brian Elliott,G,1-way,TBL,35+ (UFA),900000,BrianElliott2021
141,37,900000,2022,0,1,Brian Elliott,G,1-way,TBL,35+ (UFA),900000,BrianElliott2022
142,30,1000000,2018,0,1,Brian Gibbons,"C, RW, LW",1-way,ANA,Stnd (UFA),1000000,BrianGibbons2018
143,35,4250000,2014,0,3,Brian Gionta,RW,1-way,BUF,35+ (UFA),12750000,BrianGionta2014
144,38,700000,2018,0,1,Brian Gionta,RW,1-way,BOS,35+ (UFA),1000000,BrianGionta2018
145,30,600000,2012,0,1,Brian McGrattan,RW,1-way,NSH,Stnd (UFA),600000,BrianMcGrattan2012
146,31,750000,2013,0,2,Brian McGrattan,RW,1-way,CGY,Stnd (UFA),1500000,BrianMcGrattan2013
147,28,600000,2016,0,1,Brian Strait,LD,1-way,WPG,Stnd (UFA),600000,BrianStrait2016
148,27,2750000,2021,0,4,Brock McGinn,"LW, RW",1-way,PIT,Stnd (UFA),11000000,BrockMcGinn2021
149,26,750000,2021,0,1,Brogan Rafferty,RD,1-way,ANA,Stnd (UFA),750000,BroganRafferty2021
150,33,5500000,2014,0,5,Brooks Orpik,LD,1-way,WSH,Stnd (UFA),27500000,BrooksOrpik2014
151,37,1000000,2018,0,1,Brooks Orpik,LD,1-way,WSH,35+ (UFA),1500000,BrooksOrpik2018
152,27,825000,2012,0,2,Bruno Gervais,D,1-way,PHI,Stnd (UFA),1650000,BrunoGervais2012
153,31,3500000,2012,0,3,Bryan Allen,D,1-way,ANA,Stnd (UFA),10500000,BryanAllen2012
154,27,4000000,2013,0,4,Bryan Bickell,LW,1-way,CHI,Stnd (UFA),16000000,BryanBickell2013
155,36,3166667,2012,0,3,Bryce Salvador,D,1-way,NJD,35+ (UFA),9500000,BryceSalvador2012
156,28,700000,2020,0,1,Buddy Robinson,RW,1-way,CGY,Stnd (UFA),700000,BuddyRobinson2020
157,30,2100000,2022,0,4,Calle Järnkrok,"LW, RW",1-way,TOR,Stnd (UFA),8400000,CalleJärnkrok2022
158,27,4550000,2018,0,4,Calvin De Haan,LD/RD,1-way,CAR,Stnd (UFA),18200000,CalvinDeHaan2018
159,31,850000,2022,0,1,Calvin De Haan,LD/RD,1-way,CAR,Stnd (UFA),850000,CalvinDeHaan2022
160,27,750000,2019,0,2,Calvin Pickard,G,1-way,DET,Stnd (UFA),1500000,CalvinPickard2019
161,26,700000,2013,0,1,Cam Barker,LD,1-way,VAN,Stnd (UFA),700000,CamBarker2013
162,31,2750000,2019,0,1,Cam Talbot,G,1-way,CGY,Stnd (UFA),2750000,CamTalbot2019
163,32,3666667,2020,0,3,Cam Talbot,G,1-way,MIN,Stnd (UFA),11000000,CamTalbot2020
164,34,3000000,2018,0,1,Cam Ward,G,1-way,CHI,Stnd (UFA),3000000,CamWard2018
165,29,2500000,2012,0,2,Carlo Colaiacovo,LD,1-way,DET,Stnd (UFA),5000000,CarloColaiacovo2012
166,30,750000,2013,0,1,Carlo Colaiacovo,LD,1-way,STL,Stnd (UFA),750000,CarloColaiacovo2013
167,32,900000,2015,0,1,Carlo Colaiacovo,LD,1-way,BUF,Stnd (UFA),900000,CarloColaiacovo2015
168,27,1008333,2013,0,3,Carl Söderberg,"C, LW",1-way,BOS,Stnd (UFA),3025000,CarlSöderberg2013
169,34,1000000,2020,0,1,Carl Söderberg,"C, LW",1-way,CHI,Stnd (UFA),1000000,CarlSöderberg2020
170,30,1125000,2016,0,2,Carter Hutton,G,1-way,STL,Stnd (UFA),2250000,CarterHutton2016
171,32,2750000,2018,0,3,Carter Hutton,G,1-way,BUF,Stnd (UFA),8250000,CarterHutton2018
172,35,750000,2021,0,1,Carter Hutton,G,1-way,ARI,35+ (UFA),750000,CarterHutton2021
173,29,1133333,2018,0,3,Carter Rowney,"C, RW",1-way,ANA,Stnd (UFA),3400000,CarterRowney2018
174,32,825000,2021,0,1,Carter Rowney,"C, RW",1-way,DET,Stnd (UFA),825000,CarterRowney2021
175,24,1000000,2020,0,2,Carter Verhaeghe,LW,1-way,FLA,Stnd (UFA),2000000,CarterVerhaeghe2020
176,30,2500000,2021,0,6,Casey Cizikas,C,1-way,NYI,Stnd (UFA),15000000,CaseyCizikas2021
177,27,950000,2021,0,1,Cédric Paquette,"C, LW, RW",1-way,MTL,Stnd (UFA),950000,CédricPaquette2021
178,27,600000,2013,0,1,Chad Johnson,G,1-way,BOS,Stnd (UFA),600000,ChadJohnson2013
179,28,1300000,2014,0,2,Chad Johnson,G,1-way,NYI,Stnd (UFA),2600000,ChadJohnson2014
180,30,1700000,2016,0,1,Chad Johnson,G,1-way,CGY,Stnd (UFA),1700000,ChadJohnson2016
181,31,2500000,2017,0,1,Chad Johnson,G,1-way,BUF,Stnd (UFA),2500000,ChadJohnson2017
182,32,1750000,2018,0,1,Chad Johnson,G,1-way,STL,Stnd (UFA),1750000,ChadJohnson2018
183,28,1100000,2022,0,3,Charlie Lindgren,G,1-way,WSH,Stnd (UFA),3300000,CharlieLindgren2022
184,35,900000,2016,0,1,Chris Kelly,"C, LW",1-way,OTT,35+ (UFA),900000,ChrisKelly2016
185,36,1250000,2018,0,1,Chris Kelly,"C, LW",1-way,ANA,35+ (UFA),1525000,ChrisKelly2018
186,37,2000000,2017,0,1,Chris Kunitz,"RW, LW",1-way,TBL,35+ (UFA),3000000,ChrisKunitz2017
187,38,1000000,2018,0,1,Chris Kunitz,"RW, LW",1-way,CHI,35+ (UFA),1000000,ChrisKunitz2018
188,36,1250000,2012,0,1,Chris Mason,G,1-way,NSH,35+ (UFA),1250000,ChrisMason2012
189,27,1700000,2015,0,1,Chris Stewart,"RW, LW",1-way,ANA,Stnd (UFA),1700000,ChrisStewart2015
190,31,753757,2019,0,1,Chris Stewart,"RW, LW",1-way,PHI,Stnd (UFA),750000,ChrisStewart2019
191,25,550000,2013,0,1,Chris Summers,LD,1-way,ARI,Stnd (UFA),550000,ChrisSummers2013
192,34,900000,2017,0,2,Chris Thorburn,"RW, LW",1-way,STL,Stnd (UFA),1800000,ChrisThorburn2017
193,31,4000000,2014,0,1,Christian Ehrhoff,LD,1-way,PIT,Stnd (UFA),4000000,ChristianEhrhoff2014
194,32,1500000,2015,0,1,Christian Ehrhoff,LD,1-way,LAK,Stnd (UFA),1500000,ChristianEhrhoff2015
195,26,850000,2017,0,1,Christian Folin,RD,1-way,LAK,Stnd (UFA),850000,ChristianFolin2017
196,27,800000,2018,0,1,Christian Folin,RD,1-way,PHI,Stnd (UFA),800000,ChristianFolin2018
197,30,4500000,2020,0,4,Christopher Tanev,RD,1-way,CGY,Stnd (UFA),18000000,ChristopherTanev2020
198,27,1250000,2018,0,2,Chris Wagner,"RW, C",1-way,BOS,Stnd (UFA),2500000,ChrisWagner2018
199,31,750000,2021,0,1,Chris Wideman,RD,1-way,MTL,Stnd (UFA),750000,ChrisWideman2021
200,31,550000,2013,0,1,Chuck Kobasew,RW,1-way,PIT,Stnd (UFA),550000,ChuckKobasew2013
201,28,3250000,2013,0,2,Clarke MacArthur,LW,1-way,OTT,Stnd (UFA),6500000,ClarkeMacArthur2013
202,34,6500000,2022,0,3,Claude Giroux,"RW, C",1-way,OTT,Stnd (UFA),19500000,ClaudeGiroux2022
203,26,1250000,2020,0,1,Cody Ceci,RD,1-way,PIT,Stnd (UFA),1250000,CodyCeci2020
204,27,3250000,2021,0,4,Cody Ceci,RD,1-way,EDM,Stnd (UFA),13000000,CodyCeci2021
205,29,2250000,2020,0,2,Cody Eakin,C,1-way,BUF,Stnd (UFA),4500000,CodyEakin2020
206,27,3325000,2015,0,2,Cody Franson,RD,1-way,BUF,Stnd (UFA),6650000,CodyFranson2015
207,29,1000000,2017,0,1,Cody Franson,RD,1-way,CHI,Stnd (UFA),1000000,CodyFranson2017
208,25,1050000,2015,0,1,Cody Hodgson,"C, RW",1-way,NSH,Stnd (UFA),1050000,CodyHodgson2015
209,34,750000,2018,0,1,Cody McLeod,"LW, RW",1-way,NYR,Stnd (UFA),750000,CodyMcLeod2018
210,29,1000000,2012,0,1,Colby Armstrong,RW,1-way,MTL,Stnd (UFA),1000000,ColbyArmstrong2012
211,29,1200000,2022,0,2,Colin Blackwell,"C, RW",1-way,CHI,Stnd (UFA),2400000,ColinBlackwell2022
212,31,750000,2017,0,1,Colin Greening,LW,1-way,TOR,Stnd (UFA),750000,ColinGreening2017
213,29,1850000,2022,0,2,Colin Miller,RD,1-way,DAL,Stnd (UFA),3700000,ColinMiller2022
214,25,1200000,2022,0,1,Colin White,"RW, C",1-way,FLA,Stnd (UFA),1200000,ColinWhite2022
215,29,2600000,2019,0,1,Colin Wilson,"C, LW",1-way,COL,Stnd (UFA),2600000,ColinWilson2019
216,28,750000,2022,0,1,Collin Delia,G,1-way,VAN,Stnd (UFA),750000,CollinDelia2022
217,27,950000,2016,0,2,Colton Sceviour,"RW, C",1-way,FLA,Stnd (UFA),1900000,ColtonSceviour2016
218,28,735000,2020,0,1,Conor Sheary,"LW, RW",1-way,WSH,Stnd (UFA),735000,ConorSheary2020
219,35,3900000,2020,0,2,Corey Crawford,G,1-way,NJD,35+ (UFA),7800000,CoreyCrawford2020
220,34,1500000,2019,0,1,Corey Perry,RW,1-way,DAL,Stnd (UFA),3250000,CoreyPerry2019
221,35,750000,2020,0,1,Corey Perry,RW,1-way,MTL,35+ (UFA),750000,CoreyPerry2020
222,36,1000000,2021,0,2,Corey Perry,RW,1-way,TBL,35+ (UFA),2000000,CoreyPerry2021
223,26,575000,2016,0,1,Cory Conacher,LW,1-way,TBL,Stnd (UFA),575000,CoryConacher2016
224,34,700000,2021,0,1,Cory Schneider,G,1-way,NYI,Stnd (UFA),700000,CorySchneider2021
225,36,700000,2013,0,2,Craig Adams,RW,1-way,PIT,35+ (UFA),1400000,CraigAdams2013
226,40,750000,2021,0,1,Craig Anderson,G,1-way,BUF,35+ (UFA),750000,CraigAnderson2021
227,30,3100000,2020,0,3,Craig Smith,"RW, C",1-way,BOS,Stnd (UFA),9300000,CraigSmith2020
228,24,700000,2019,0,1,Curtis Lazar,"RW, C",1-way,BUF,Stnd (UFA),700000,CurtisLazar2019
229,27,1000000,2022,0,3,Curtis Lazar,"RW, C",1-way,VAN,Stnd (UFA),3000000,CurtisLazar2022
230,36,1300000,2019,0,2,Curtis McElhinney,G,1-way,TBL,35+ (UFA),2600000,CurtisMcElhinney2019
231,27,750000,2018,0,2,Curtis McKenzie,LW,1-way,VGK,Stnd (UFA),1500000,CurtisMcKenzie2018
232,35,3100000,2013,0,3,Dainius Zubrus,LW,1-way,NJD,35+ (UFA),9300000,DainiusZubrus2013
233,37,600000,2015,0,1,Dainius Zubrus,LW,1-way,SJS,35+ (UFA),600000,DainiusZubrus2015
234,26,825000,2022,0,2,Dakota Joshua,LW,1-way,VAN,Stnd (UFA),1650000,DakotaJoshua2022
235,27,2350000,2016,0,4,Dale Weise,"RW, LW",1-way,PHI,Stnd (UFA),9400000,DaleWeise2016
236,29,800000,2019,0,1,Dalton Prout,RD,1-way,SJS,Stnd (UFA),800000,DaltonProut2019
237,37,4500000,2014,0,2,Dan Boyle,LD,1-way,NYR,35+ (UFA),9000000,DanBoyle2014
238,32,650000,2013,0,1,Dan Ellis,G,1-way,CAR,Stnd (UFA),800000,DanEllis2013
239,33,3000000,2017,0,2,Dan Girardi,RD,1-way,TBL,Stnd (UFA),6000000,DanGirardi2017
240,33,3750000,2016,0,2,Dan Hamhuis,LD,1-way,DAL,Stnd (UFA),7500000,DanHamhuis2016
241,35,1250000,2018,0,2,Dan Hamhuis,LD,1-way,NSH,35+ (UFA),2500000,DanHamhuis2018
242,40,3500000,2013,0,1,Daniel Alfredsson,RW,1-way,DET,35+ (UFA),5500000,DanielAlfredsson2013
243,35,4000000,2013,0,2,Daniel Brière,C,1-way,MTL,35+ (UFA),8000000,DanielBrière2013
244,29,550000,2014,0,1,Daniel Carcillo,LW,1-way,CHI,Stnd (UFA),550000,DanielCarcillo2014
245,26,750000,2018,0,1,Daniel Carr,LW,1-way,VGK,Stnd (UFA),750000,DanielCarr2018
246,27,700000,2019,0,1,Daniel Carr,LW,1-way,NSH,Stnd (UFA),700000,DanielCarr2019
247,34,1750000,2013,0,1,Daniel Cleary,RW,1-way,DET,Stnd (UFA),1750000,DanielCleary2013
248,35,1500000,2014,0,1,Daniel Cleary,RW,1-way,DET,35+ (UFA),2500000,DanielCleary2014
249,36,950000,2015,0,1,Daniel Cleary,RW,1-way,DET,35+ (UFA),950000,DanielCleary2015
250,27,1800000,2012,0,2,Daniel Winnik,C,1-way,ANA,Stnd (UFA),3600000,DanielWinnik2012
251,29,1300000,2014,0,1,Daniel Winnik,C,1-way,TOR,Stnd (UFA),1300000,DanielWinnik2014
252,30,2250000,2015,0,2,Daniel Winnik,C,1-way,TOR,Stnd (UFA),4500000,DanielWinnik2015
253,32,660000,2017,0,1,Daniel Winnik,C,1-way,MIN,Stnd (UFA),660000,DanielWinnik2017
254,25,1100000,2021,0,1,Danton Heinen,"LW, RW",1-way,PIT,Stnd (UFA),1100000,DantonHeinen2021
255,26,1000000,2022,0,1,Danton Heinen,"LW, RW",1-way,PIT,Stnd (UFA),1000000,DantonHeinen2022
256,33,1000000,2014,0,1,Dany Heatley,LW,1-way,ANA,Stnd (UFA),1000000,DanyHeatley2014
257,31,850000,2012,0,1,Darcy Hordichuk,LW,1-way,EDM,Stnd (UFA),850000,DarcyHordichuk2012
258,27,650000,2017,0,1,Darcy Kuemper,G,1-way,LAK,Stnd (UFA),650000,DarcyKuemper2017
259,32,5250000,2022,0,5,Darcy Kuemper,G,1-way,WSH,Stnd (UFA),26250000,DarcyKuemper2022
260,29,3850000,2016,0,5,Darren Helm,"C, LW, RW",1-way,DET,Stnd (UFA),19250000,DarrenHelm2016
261,34,1000000,2021,0,1,Darren Helm,"C, LW, RW",1-way,COL,Stnd (UFA),1000000,DarrenHelm2021
262,35,1250000,2022,0,1,Darren Helm,"C, LW, RW",1-way,COL,35+ (UFA),1250000,DarrenHelm2022
263,28,5500000,2014,0,5,Dave Bolland,C,1-way,FLA,Stnd (UFA),27500000,DaveBolland2014
264,32,6000000,2016,0,5,David Backes,"C, RW",1-way,BOS,Stnd (UFA),30000000,DavidBackes2016
265,29,1100000,2014,0,1,David Booth,LW,1-way,TOR,Stnd (UFA),1100000,DavidBooth2014
266,30,1000000,2017,0,1,David Desharnais,C,1-way,NYR,Stnd (UFA),1000000,DavidDesharnais2017
267,24,1000000,2019,0,2,David Kämpf,C,1-way,CHI,Stnd (UFA),2000000,DavidKämpf2019
268,26,1500000,2021,0,2,David Kämpf,C,1-way,TOR,Stnd (UFA),3000000,DavidKämpf2021
269,36,1000000,2022,0,1,David Krejci,C,1-way,BOS,35+ (UFA),3000000,DavidKrejci2022
270,33,3000000,2014,0,2,David Legwand,"C, LW",1-way,OTT,Stnd (UFA),6000000,DavidLegwand2014
271,30,2100000,2012,0,2,David Moss,RW,1-way,ARI,Stnd (UFA),4200000,DavidMoss2012
272,32,800000,2014,0,1,David Moss,RW,1-way,ARI,Stnd (UFA),800000,DavidMoss2014
273,28,3750000,2016,0,2,David Perron,"RW, LW",1-way,STL,Stnd (UFA),7500000,DavidPerron2016
274,30,4000000,2018,0,4,David Perron,"RW, LW",1-way,STL,Stnd (UFA),16000000,DavidPerron2018
275,34,4750000,2022,0,2,David Perron,"RW, LW",1-way,DET,Stnd (UFA),9500000,DavidPerron2022
276,28,1250000,2021,0,1,David Rittich,G,1-way,NSH,Stnd (UFA),1250000,DavidRittich2021
277,29,900000,2022,0,1,David Rittich,G,1-way,WPG,Stnd (UFA),900000,DavidRittich2022
278,30,3500000,2021,0,4,David Savard,RD,1-way,MTL,Stnd (UFA),14000000,DavidSavard2021
279,28,625000,2015,0,1,David Schlemko,LD,1-way,NJD,Stnd (UFA),625000,DavidSchlemko2015
280,29,2100000,2016,0,4,David Schlemko,LD,1-way,SJS,Stnd (UFA),8400000,DavidSchlemko2016
281,27,675000,2017,0,2,David Warsofsky,LD,1-way,COL,Stnd (UFA),1350000,DavidWarsofsky2017
282,29,1500000,2013,0,1,Denis Grebeshkov,D,1-way,EDM,Stnd (UFA),1500000,DenisGrebeshkov2013
283,25,762500,2022,0,2,Dennis Gilbert,LD,1-way,CGY,Stnd (UFA),1525000,DennisGilbert2022
284,26,725000,2017,0,1,Dennis Rasmussen,C,1-way,ANA,Stnd (UFA),725000,DennisRasmussen2017
285,34,1000000,2016,0,1,Dennis Seidenberg,RD,1-way,NYI,Stnd (UFA),1000000,DennisSeidenberg2016
286,36,700000,2019,0,1,Dennis Seidenberg,RD,1-way,NYI,35+ (UFA),700000,DennisSeidenberg2019
287,28,1000000,2020,0,1,Derek Forbort,LD,1-way,WPG,Stnd (UFA),1000000,DerekForbort2020
288,29,3000000,2021,0,3,Derek Forbort,LD,1-way,BOS,Stnd (UFA),9000000,DerekForbort2021
289,27,650000,2017,0,1,Derek Grant,"LW, C",1-way,ANA,Stnd (UFA),650000,DerekGrant2017
290,28,650000,2018,0,1,Derek Grant,"LW, C",1-way,PIT,Stnd (UFA),650000,DerekGrant2018
291,30,1500000,2020,0,3,Derek Grant,"LW, C",1-way,ANA,Stnd (UFA),4500000,DerekGrant2020
292,25,750000,2012,0,1,Derek Joslin,LD,1-way,VAN,Stnd (UFA),750000,DerekJoslin2012
293,33,1300000,2014,0,3,Derek MacKenzie,"C, LW",1-way,FLA,Stnd (UFA),3900000,DerekMacKenzie2014
294,30,4000000,2013,0,1,Derek Roy,C,1-way,STL,Stnd (UFA),4000000,DerekRoy2013
295,31,1000000,2014,0,1,Derek Roy,C,1-way,NSH,Stnd (UFA),1000000,DerekRoy2014
296,31,3125000,2018,0,3,Derek Ryan,"C, RW",1-way,CGY,Stnd (UFA),9375000,DerekRyan2018
297,34,1250000,2021,0,2,Derek Ryan,"C, RW",1-way,EDM,Stnd (UFA),2500000,DerekRyan2021
298,31,1350000,2021,0,1,Derek Stepan,"C, RW",1-way,CAR,Stnd (UFA),1350000,DerekStepan2021
299,32,750000,2022,0,1,Derek Stepan,"C, RW",1-way,CAR,Stnd (UFA),750000,DerekStepan2022
300,31,1200000,2019,0,1,Derick Brassard,"C, LW",1-way,NYI,Stnd (UFA),1200000,DerickBrassard2019
301,32,1000000,2020,0,1,Derick Brassard,"C, LW",1-way,ARI,Stnd (UFA),1000000,DerickBrassard2020
302,33,825000,2021,0,1,Derick Brassard,"C, LW",1-way,PHI,Stnd (UFA),825000,DerickBrassard2021
303,34,750000,2022,0,1,Derick Brassard,"C, LW",1-way,OTT,Stnd (UFA),750000,DerickBrassard2022
304,32,2916667,2014,0,3,Deryk Engelland,RD,1-way,CGY,Stnd (UFA),8750000,DerykEngelland2014
305,37,700000,2019,0,1,Deryk Engelland,RD,1-way,VGK,35+ (UFA),1500000,DerykEngelland2019
306,24,1300000,2016,0,2,Devante Smith-Pelly,"RW, LW",1-way,NJD,Stnd (UFA),2600000,DevanteSmith-Pelly2016
307,26,750000,2014,0,1,Devin Setoguchi,RW,1-way,CGY,Stnd (UFA),750000,DevinSetoguchi2014
308,28,3200000,2021,0,1,Dmitrij Jaskin,"RW, LW",1-way,ARI,Stnd (UFA),3200000,DmitrijJaskin2021
309,26,4333333,2017,0,3,Dmitry Kulikov,LD/RD,1-way,WPG,Stnd (UFA),13000000,DmitryKulikov2017
310,29,1150000,2020,0,1,Dmitry Kulikov,LD/RD,1-way,NJD,Stnd (UFA),1150000,DmitryKulikov2020
311,30,2250000,2021,0,2,Dmitry Kulikov,LD/RD,1-way,MIN,Stnd (UFA),4500000,DmitryKulikov2021
312,32,1000000,2013,0,1,Dominic Moore,"C, LW",1-way,NYR,Stnd (UFA),1000000,DominicMoore2013
313,33,1500000,2014,0,2,Dominic Moore,"C, LW",1-way,NYR,Stnd (UFA),3000000,DominicMoore2014
314,35,900000,2016,0,1,Dominic Moore,"C, LW",1-way,BOS,35+ (UFA),1000000,DominicMoore2016
315,24,975000,2020,0,1,Dominik Kahun,"LW, RW, C",1-way,EDM,Stnd (UFA),975000,DominikKahun2020
316,26,2500000,2022,0,2,Dominik Kubalik,"LW, RW",1-way,DET,Stnd (UFA),5000000,DominikKubalik2022
317,25,700000,2020,0,1,Dominik Simon,"RW, LW",1-way,CGY,Stnd (UFA),700000,DominikSimon2020
318,28,9000000,2021,0,7,Dougie Hamilton,RD,1-way,NJD,Stnd (UFA),63000000,DougieHamilton2021
319,33,1500000,2013,0,1,Douglas Murray,D,1-way,MTL,Stnd (UFA),1500000,DouglasMurray2013
320,26,700000,2020,0,1,Drake Caggiula,"LW, RW",1-way,ARI,Stnd (UFA),700000,DrakeCaggiula2020
321,26,600000,2017,0,1,Drew Shore,C,1-way,VAN,Stnd (UFA),600000,DrewShore2017
322,31,800000,2017,0,1,Drew Stafford,"RW, LW",1-way,NJD,Stnd (UFA),800000,DrewStafford2017
323,32,810000,2018,0,1,Drew Stafford,"RW, LW",1-way,NJD,Stnd (UFA),810000,DrewStafford2018
324,29,3250000,2012,0,1,Dustin Penner,RW,1-way,LAK,Stnd (UFA),3250000,DustinPenner2012
325,30,2000000,2013,0,1,Dustin Penner,RW,1-way,ANA,Stnd (UFA),2000000,DustinPenner2013
326,32,775000,2022,0,1,Dustin Tokarski,G,1-way,PIT,Stnd (UFA),775000,DustinTokarski2022
327,25,900000,2018,0,2,Dylan DeMelo,RD,1-way,SJS,Stnd (UFA),1800000,DylanDeMelo2018
328,25,3500000,2022,0,1,Dylan Strome,C,1-way,WSH,Stnd (UFA),3500000,DylanStrome2022
329,35,540000,2012,0,1,Eric Boulton,LW,1-way,NYI,35+ (UFA),540000,EricBoulton2012
330,38,575000,2015,0,1,Eric Boulton,LW,1-way,NYI,35+ (UFA),675000,EricBoulton2015
331,26,1800000,2022,0,2,Eric Comrie,G,1-way,BUF,Stnd (UFA),3600000,EricComrie2022
332,27,600000,2013,0,1,Eric Fehr,"C, RW",1-way,WSH,Stnd (UFA),600000,EricFehr2013
333,29,2000000,2015,0,3,Eric Fehr,"C, RW",1-way,PIT,Stnd (UFA),6000000,EricFehr2015
334,32,1000000,2018,0,1,Eric Fehr,"C, RW",1-way,MIN,Stnd (UFA),1000000,EricFehr2018
335,30,2500000,2013,0,4,Eric Nystrom,"LW, RW",1-way,NSH,Stnd (UFA),10000000,EricNystrom2013
336,31,3500000,2016,0,3,Eric Staal,C,1-way,MIN,Stnd (UFA),10500000,EricStaal2016
337,37,750000,2022,0,1,Eric Staal,C,1-way,FLA,35+ (UFA),750000,EricStaal2022
338,29,1950000,2021,0,1,Erik Gudbranson,RD,1-way,CGY,Stnd (UFA),1950000,ErikGudbranson2021
339,30,4000000,2022,0,4,Erik Gudbranson,RD,1-way,CBJ,Stnd (UFA),16000000,ErikGudbranson2022
340,28,3000000,2020,0,1,Erik Gustafsson,LD,1-way,PHI,Stnd (UFA),3000000,ErikGustafsson2020
341,29,800000,2021,0,1,Erik Gustafsson,LD,1-way,CHI,Stnd (UFA),800000,ErikGustafsson2021
342,30,800000,2022,0,1,Erik Gustafsson,LD,1-way,WSH,Stnd (UFA),800000,ErikGustafsson2022
343,29,1750000,2020,0,1,Erik Haula,"C, LW",1-way,NSH,Stnd (UFA),1750000,ErikHaula2020
344,30,2375000,2021,0,2,Erik Haula,"C, LW",1-way,BOS,Stnd (UFA),4750000,ErikHaula2021
345,29,2108696,2022,0,1,Evander Kane,"LW, RW",1-way,EDM,Stnd (UFA),1375000,EvanderKane2022
346,26,700000,2020,0,1,Evan Rodrigues,"C, LW",1-way,PIT,Stnd (UFA),700000,EvanRodrigues2020
347,27,1000000,2021,0,1,Evan Rodrigues,"C, LW",1-way,PIT,Stnd (UFA),1000000,EvanRodrigues2021
348,28,2000000,2022,0,1,Evan Rodrigues,"C, LW",1-way,COL,Stnd (UFA),2000000,EvanRodrigues2022
349,28,4000000,2017,0,3,Evgeni Dadonov,"RW, LW",1-way,FLA,Stnd (UFA),12000000,EvgeniDadonov2017
350,31,5000000,2020,0,3,Evgeni Dadonov,"RW, LW",1-way,OTT,Stnd (UFA),15000000,EvgeniDadonov2020
351,32,2000000,2016,0,1,Fedor Tyutin,LD,1-way,COL,Stnd (UFA),2000000,FedorTyutin2016
352,35,4000000,2012,0,2,Filip Kuba,D,1-way,FLA,35+ (UFA),8000000,FilipKuba2012
353,36,1500000,2012,0,1,Francis Bouillon,LD,1-way,MTL,35+ (UFA),1500000,FrancisBouillon2012
354,35,4500000,2015,0,3,Francois Beauchemin,LD,1-way,COL,35+ (UFA),13500000,FrancoisBeauchemin2015
355,37,1000000,2017,0,1,Francois Beauchemin,LD,1-way,ANA,35+ (UFA),1700000,FrancoisBeauchemin2017
356,28,3650000,2022,0,3,Frank Vatrano,"LW, RW",1-way,ANA,Stnd (UFA),10950000,FrankVatrano2022
357,32,5250000,2016,0,6,Frans Nielsen,"C, LW",1-way,DET,Stnd (UFA),31500000,FransNielsen2016
358,28,1200000,2021,0,2,Frédérick Gaudreau,"C, LW",1-way,MIN,Stnd (UFA),2400000,FrédérickGaudreau2021
359,31,4500000,2021,0,2,Frederik Andersen,G,1-way,CAR,Stnd (UFA),9000000,FrederikAndersen2021
360,25,700000,2018,0,1,Fredrik Claesson,LD,1-way,NYR,Stnd (UFA),700000,FredrikClaesson2018
361,26,750000,2022,0,1,Fredrik Olofsson,LW,1-way,DAL,Stnd (UFA),750000,FredrikOlofsson2022
362,27,1500000,2019,0,4,Garnet Hathaway,"RW, LW",1-way,WSH,Stnd (UFA),6000000,GarnetHathaway2019
363,28,725000,2019,0,1,Garrett Wilson,"RW, LW",1-way,TOR,Stnd (UFA),725000,GarrettWilson2019
364,32,937500,2012,0,2,George Parros,RW,1-way,FLA,Stnd (UFA),1875000,GeorgeParros2012
365,25,762500,2022,0,2,Glenn Gawdin,"C, RW",1-way,ANA,Stnd (UFA),1525000,GlennGawdin2022
366,28,2066667,2013,0,3,Grant Clitsome,LD,1-way,WPG,Stnd (UFA),6200000,GrantClitsome2013
367,27,750000,2019,0,1,Greg McKegg,"C, LW",1-way,NYR,Stnd (UFA),750000,GregMcKegg2019
368,31,1500000,2015,0,2,Gregory Campbell,"C, LW",1-way,CBJ,Stnd (UFA),3000000,GregoryCampbell2015
369,28,900000,2021,0,1,Gregory Hofmann,"LW, RW",1-way,CBJ,Stnd (UFA),900000,GregoryHofmann2021
370,32,2250000,2012,0,2,Greg Zanon,D,1-way,COL,Stnd (UFA),4500000,GregZanon2012
371,29,5500000,2019,0,4,Gustav Nyquist,"LW, RW",1-way,CBJ,Stnd (UFA),22000000,GustavNyquist2019
372,27,750000,2022,0,1,Gustav Rydahl,C,1-way,NYR,Stnd (UFA),750000,GustavRydahl2022
373,38,700000,2013,0,1,Hal Gill,D,1-way,PHI,35+ (UFA),700000,HalGill2013
374,31,750000,2022,0,1,Harri Säteri,G,1-way,TOR,Stnd (UFA),750000,HarriSäteri2022
375,25,762500,2022,0,2,Haydn Fleury,LD/RD,1-way,TBL,Stnd (UFA),1525000,HaydnFleury2022
376,38,1500000,2020,0,1,Henrik Lundqvist,G,1-way,WSH,35+ (UFA),1500000,HenrikLundqvist2020
377,29,4250000,2018,0,3,Ian Cole,LD/RD,1-way,COL,Stnd (UFA),12750000,IanCole2018
378,32,2900000,2021,0,1,Ian Cole,LD/RD,1-way,CAR,Stnd (UFA),2900000,IanCole2021
379,33,3000000,2022,0,1,Ian Cole,LD/RD,1-way,TBL,Stnd (UFA),3000000,IanCole2022
380,33,2000000,2013,0,1,Ilya Bryzgalov,G,1-way,EDM,Stnd (UFA),2000000,IlyaBryzgalov2013
381,34,2880000,2014,0,1,Ilya Bryzgalov,G,1-way,ANA,Stnd (UFA),2880000,IlyaBryzgalov2014
382,35,6250000,2018,0,3,Ilya Kovalchuk,"LW, RW",1-way,LAK,35+ (UFA),18750000,IlyaKovalchuk2018
383,28,2750000,2022,0,2,Ilya Lyubushkin,RD,1-way,BUF,Stnd (UFA),5500000,IlyaLyubushkin2022
384,27,4750000,2022,0,4,Ilya Mikheyev,"LW, RW",1-way,VAN,Stnd (UFA),19000000,IlyaMikheyev2022
385,25,1800000,2022,0,1,Ilya Samsonov,G,1-way,TOR,Stnd (UFA),1800000,IlyaSamsonov2022
386,27,687500,2018,0,2,J.T. Brown,RW,1-way,MIN,Stnd (UFA),1375000,J.T.Brown2018
387,30,5000000,2022,0,5,Jack Campbell,G,1-way,EDM,Stnd (UFA),25000000,JackCampbell2022
388,26,650000,2012,0,1,Jack Hillen,D,1-way,WSH,Stnd (UFA),650000,JackHillen2012
389,31,3250000,2018,0,5,Jack Johnson,LD,1-way,PIT,Stnd (UFA),16250000,JackJohnson2018
390,33,1150000,2020,0,1,Jack Johnson,LD,1-way,NYR,Stnd (UFA),1150000,JackJohnson2020
391,34,750000,2021,0,1,Jack Johnson,LD,1-way,COL,Stnd (UFA),750000,JackJohnson2021
392,35,950000,2022,0,1,Jack Johnson,LD,1-way,CHI,35+ (UFA),950000,JackJohnson2022
393,29,700000,2016,0,1,Jack Skille,RW,1-way,VAN,Stnd (UFA),700000,JackSkille2016
394,26,700000,2017,0,1,Jacob Josefson,"C, LW",1-way,BUF,Stnd (UFA),700000,JacobJosefson2017
395,30,6000000,2020,0,6,Jacob Markström,G,1-way,CGY,Stnd (UFA),36000000,JacobMarkström2020
396,29,5500000,2021,0,5,Jaden Schwartz,LW,1-way,SEA,Stnd (UFA),27500000,JadenSchwartz2021
397,24,800000,2018,0,1,Jake Dotchin,RD,1-way,ANA,Stnd (UFA),800000,JakeDotchin2018
398,28,4050000,2019,0,4,Jake Gardiner,LD,1-way,CAR,Stnd (UFA),16200000,JakeGardiner2019
399,27,4000000,2021,0,4,Jake McCabe,LD/RD,1-way,CHI,Stnd (UFA),16000000,JakeMcCabe2021
400,27,1000000,2018,0,1,Jakub Jeřábek,LD,1-way,EDM,Stnd (UFA),1000000,JakubJeřábek2018
401,28,600000,2016,0,1,Jakub Nakladal,RD,1-way,CAR,Stnd (UFA),600000,JakubNakladal2016
402,30,5750000,2018,0,5,James Neal,"RW, LW",1-way,CGY,Stnd (UFA),28750000,JamesNeal2018
403,33,750000,2021,0,1,James Neal,"RW, LW",1-way,STL,Stnd (UFA),750000,JamesNeal2021
404,33,2250000,2021,0,2,James Reimer,G,1-way,SJS,Stnd (UFA),4500000,JamesReimer2021
405,29,7000000,2018,0,5,James van Riemsdyk,"LW, RW",1-way,PHI,Stnd (UFA),35000000,JamesvanRiemsdyk2018
406,36,1250000,2012,0,1,Jamie Langenbrunner,RW,1-way,STL,35+ (UFA),1250000,JamieLangenbrunner2012
407,27,3333333,2016,0,3,Jamie McGinn,"LW, RW",1-way,ARI,Stnd (UFA),10000000,JamieMcGinn2016
408,27,850000,2019,0,1,Jani Hakanpää,RD,1-way,ANA,Stnd (UFA),850000,JaniHakanpää2019
409,29,1500000,2021,0,3,Jani Hakanpää,RD,1-way,DAL,Stnd (UFA),4500000,JaniHakanpää2021
410,28,2000000,2018,0,1,Jan Kovar,C,1-way,NYI,Stnd (UFA),2000000,JanKovar2018
411,29,1300000,2020,0,2,Jan Rutta,LD/RD,1-way,TBL,Stnd (UFA),2600000,JanRutta2020
412,31,2750000,2022,0,3,Jan Rutta,LD/RD,1-way,PIT,Stnd (UFA),8250000,JanRutta2022
413,30,900000,2016,0,2,Jared Boll,RW,1-way,ANA,Stnd (UFA),1800000,JaredBoll2016
414,36,1800000,2013,0,1,Jarome Iginla,RW,1-way,BOS,35+ (UFA),6000000,JaromeIginla2013
415,37,5333333,2014,0,3,Jarome Iginla,RW,1-way,COL,35+ (UFA),16000000,JaromeIginla2014
416,41,2000000,2013,0,1,Jaromír Jágr,RW,1-way,NJD,35+ (UFA),4000000,JaromírJágr2013
417,45,1000000,2017,0,1,Jaromír Jágr,RW,1-way,CGY,35+ (UFA),2000000,JaromírJágr2017
418,33,2750000,2018,0,2,Jaroslav Halák,G,1-way,BOS,Stnd (UFA),5500000,JaroslavHalák2018
419,36,1500000,2021,0,1,Jaroslav Halák,G,1-way,VAN,35+ (UFA),3000000,JaroslavHalák2021
420,37,1500000,2022,0,1,Jaroslav Halák,G,1-way,NYR,35+ (UFA),1550000,JaroslavHalák2022
421,29,900000,2021,0,2,Jarred Tinordi,LD,1-way,NYR,Stnd (UFA),1800000,JarredTinordi2021
422,33,800000,2015,0,1,Jarret Stoll,C,1-way,NYR,Stnd (UFA),800000,JarretStoll2015
423,37,2250000,2016,0,2,Jason Chimera,"LW, RW",1-way,NYI,35+ (UFA),4500000,JasonChimera2016
424,28,4500000,2016,0,5,Jason Demers,RD,1-way,FLA,Stnd (UFA),22500000,JasonDemers2016
425,27,4600000,2012,0,6,Jason Garrison,LD,1-way,VAN,Stnd (UFA),27600000,JasonGarrison2012
426,33,650000,2018,0,1,Jason Garrison,LD,1-way,EDM,Stnd (UFA),650000,JasonGarrison2018
427,33,1000000,2013,0,1,Jason LaBarbera,G,1-way,EDM,Stnd (UFA),1000000,JasonLaBarbera2013
428,36,700000,2019,0,1,Jason Spezza,"C, RW",1-way,TOR,35+ (UFA),700000,JasonSpezza2019
429,32,3000000,2018,0,4,Jay Beagle,C,1-way,VAN,Stnd (UFA),12000000,JayBeagle2018
430,29,1500000,2012,0,2,Jay McClement,C,1-way,TOR,Stnd (UFA),3000000,JayMcClement2012
431,31,1000000,2014,0,1,Jay McClement,C,1-way,CAR,Stnd (UFA),1000000,JayMcClement2014
432,25,600000,2015,0,1,Jayson Megna,"C, LW, RW",1-way,NYR,Stnd (UFA),600000,JaysonMegna2015
433,26,600000,2016,0,1,Jayson Megna,"C, LW, RW",1-way,VAN,Stnd (UFA),600000,JaysonMegna2016
434,25,700000,2017,0,2,Jean-François Bérubé,G,1-way,CHI,Stnd (UFA),1400000,Jean-FrançoisBérubé2017
435,25,700000,2019,0,2,Jean-Sébastien Dea,C,1-way,BUF,Stnd (UFA),1400000,Jean-SébastienDea2019
436,36,700000,2012,0,1,Jeff Halpern,C,1-way,NYR,35+ (UFA),700000,JeffHalpern2012
437,27,700000,2013,0,1,Jeff Schultz,LD,1-way,LAK,Stnd (UFA),700000,JeffSchultz2013
438,28,850000,2014,0,2,Jeff Schultz,LD,1-way,LAK,Stnd (UFA),1700000,JeffSchultz2014
439,29,900000,2016,0,2,Jeff Zatkoff,G,1-way,LAK,Stnd (UFA),1800000,JeffZatkoff2016
440,28,2000000,2020,0,3,Jesper Fast,RW,1-way,CAR,Stnd (UFA),6000000,JesperFast2020
441,25,950000,2013,0,2,Jesse Joensuu,LW,1-way,EDM,Stnd (UFA),1900000,JesseJoensuu2013
442,28,750000,2016,0,1,Jhonas Enroth,G,1-way,TOR,Stnd (UFA),750000,JhonasEnroth2016
443,27,700000,2017,0,1,Jimmy Hayes,RW,1-way,NJD,Stnd (UFA),700000,JimmyHayes2017
444,27,900000,2020,0,1,Jimmy Vesey,"RW, LW",1-way,TOR,Stnd (UFA),900000,JimmyVesey2020
445,28,800000,2021,0,1,Jimmy Vesey,"RW, LW",1-way,NJD,Stnd (UFA),800000,JimmyVesey2021
446,29,750000,2022,0,1,Jimmy Vesey,"RW, LW",1-way,NYR,Stnd (UFA),750000,JimmyVesey2022
447,28,4000000,2012,0,4,Jiri Hudler,"LW, RW",1-way,CGY,Stnd (UFA),16000000,JiriHudler2012
448,32,2000000,2016,0,1,Jiri Hudler,"LW, RW",1-way,DAL,Stnd (UFA),2000000,JiriHudler2016
449,27,800000,2015,0,1,Jiri Tlusty,C,1-way,NJD,Stnd (UFA),800000,JiriTlusty2015
450,30,700000,2014,0,1,Joakim Lindstrom,C,1-way,STL,Stnd (UFA),700000,JoakimLindstrom2014
451,26,1000000,2018,0,2,Joakim Nordström,"LW, RW",1-way,BOS,Stnd (UFA),2000000,JoakimNordström2018
452,28,700000,2020,0,1,Joakim Nordström,"LW, RW",1-way,CGY,Stnd (UFA),700000,JoakimNordström2020
453,26,725000,2019,0,1,Joakim Ryan,LD,1-way,LAK,Stnd (UFA),725000,JoakimRyan2019
454,35,2000000,2012,0,1,Joe Corvo,D,1-way,CAR,35+ (UFA),2000000,JoeCorvo2012
455,36,900000,2013,0,1,Joe Corvo,D,1-way,OTT,35+ (UFA),900000,JoeCorvo2013
456,24,650000,2017,0,1,Joe Morrow,RD,1-way,MTL,Stnd (UFA),650000,JoeMorrow2017
457,34,7000000,2019,0,3,Joe Pavelski,RW,1-way,DAL,Stnd (UFA),21000000,JoePavelski2019
458,38,8000000,2017,0,1,Joe Thornton,"C, LW",1-way,SJS,35+ (UFA),8000000,JoeThornton2017
459,38,5000000,2018,0,1,Joe Thornton,"C, LW",1-way,SJS,35+ (UFA),5000000,JoeThornton2018
460,39,2000000,2019,0,1,Joe Thornton,"C, LW",1-way,SJS,35+ (UFA),2000000,JoeThornton2019
461,40,700000,2020,0,1,Joe Thornton,"C, LW",1-way,TOR,35+ (UFA),700000,JoeThornton2020
462,41,750000,2021,0,1,Joe Thornton,"C, LW",1-way,FLA,35+ (UFA),750000,JoeThornton2021
463,29,950000,2012,0,1,Joey Crabb,RW,1-way,WSH,Stnd (UFA),950000,JoeyCrabb2012
464,30,600000,2013,0,2,Joey Crabb,RW,1-way,FLA,Stnd (UFA),1200000,JoeyCrabb2013
465,39,1400000,2012,0,2,Johan Hedberg,G,1-way,NJD,35+ (UFA),2800000,JohanHedberg2012
466,27,1400000,2020,0,2,Johan Larsson,"C, LW",1-way,ARI,Stnd (UFA),2800000,JohanLarsson2020
467,35,2000000,2016,0,1,John-Michael Liles,LD,1-way,BOS,35+ (UFA),2250000,John-MichaelLiles2016
468,26,700000,2019,0,1,John Gilmour,D,1-way,BUF,Stnd (UFA),700000,JohnGilmour2019
469,25,750000,2020,0,1,John Hayden,"C, RW",1-way,ARI,Stnd (UFA),750000,JohnHayden2020
470,29,7000000,2022,0,1,John Klingberg,RD,1-way,ANA,Stnd (UFA),7000000,JohnKlingberg2022
471,27,1100000,2012,0,2,John Mitchell,C,1-way,COL,Stnd (UFA),2200000,JohnMitchell2012
472,27,2750000,2018,0,5,John Moore,LD,1-way,BOS,Stnd (UFA),13750000,JohnMoore2018
473,28,9750000,2022,0,7,Johnny Gaudreau,LW,1-way,CBJ,Stnd (UFA),68250000,JohnnyGaudreau2022
474,33,3750000,2015,0,2,Johnny Oduya,LD,1-way,DAL,Stnd (UFA),7500000,JohnnyOduya2015
475,35,1000000,2017,0,1,Johnny Oduya,LD,1-way,OTT,35+ (UFA),2250000,JohnnyOduya2017
476,29,600000,2012,0,1,John Scott,"LW, D",1-way,BUF,Stnd (UFA),600000,JohnScott2012
477,31,700000,2014,0,1,John Scott,"LW, D",1-way,SJS,Stnd (UFA),700000,JohnScott2014
478,32,575000,2015,0,1,John Scott,"LW, D",1-way,ARI,Stnd (UFA),575000,JohnScott2015
479,27,11000000,2018,0,7,John Tavares,"C, LW",1-way,TOR,Stnd (UFA),77000000,JohnTavares2018
480,30,700000,2015,0,1,Jonas Gustavsson,G,1-way,BOS,Stnd (UFA),700000,JonasGustavsson2015
481,32,4500000,2014,0,2,Jonas Hiller,G,1-way,CGY,Stnd (UFA),9000000,JonasHiller2014
482,28,2750000,2017,0,1,Jonathan Bernier,G,1-way,COL,Stnd (UFA),2750000,JonathanBernier2017
483,29,3000000,2018,0,3,Jonathan Bernier,G,1-way,DET,Stnd (UFA),9000000,JonathanBernier2018
484,32,4125000,2021,0,2,Jonathan Bernier,G,1-way,NJD,Stnd (UFA),8250000,JonathanBernier2021
485,25,750000,2016,0,2,Jonathan Marchessault,"RW, LW",1-way,FLA,Stnd (UFA),1500000,JonathanMarchessault2016
486,24,1137500,2016,0,2,Jon Merrill,LD,1-way,NJD,Stnd (UFA),2275000,JonMerrill2016
487,28,925000,2020,0,1,Jon Merrill,LD,1-way,DET,Stnd (UFA),925000,JonMerrill2020
488,29,850000,2021,0,1,Jon Merrill,LD,1-way,MIN,Stnd (UFA),850000,JonMerrill2021
489,27,3900000,2019,0,4,Joonas Donskoi,RW,1-way,COL,Stnd (UFA),15600000,JoonasDonskoi2019
490,32,2250000,2013,0,2,Jordan Leopold,D,1-way,STL,Stnd (UFA),4500000,JordanLeopold2013
491,28,1800000,2021,0,3,Jordan Martinook,"LW, RW",1-way,CAR,Stnd (UFA),5400000,JordanMartinook2021
492,25,650000,2017,0,2,Jordan Oesterle,LD/RD,1-way,CHI,Stnd (UFA),1300000,JordanOesterle2017
493,29,1350000,2021,0,2,Jordan Oesterle,LD/RD,1-way,DET,Stnd (UFA),2700000,JordanOesterle2021
494,31,2000000,2019,0,2,Jordie Benn,LD/RD,1-way,VAN,Stnd (UFA),4000000,JordieBenn2019
495,33,900000,2021,0,1,Jordie Benn,LD/RD,1-way,MIN,Stnd (UFA),900000,JordieBenn2021
496,34,750000,2022,0,1,Jordie Benn,LD/RD,1-way,TOR,Stnd (UFA),750000,JordieBenn2022
497,29,1900000,2012,0,3,Jordin Tootoo,RW,1-way,DET,Stnd (UFA),4250000,JordinTootoo2012
498,33,750000,2016,0,1,Jordin Tootoo,RW,1-way,CHI,Stnd (UFA),750000,JordinTootoo2016
499,26,2750000,2014,0,2,Jori Lehterä,"LW, C",1-way,STL,Stnd (UFA),5500000,JoriLehterä2014
500,26,1000000,2019,0,1,Josh Archibald,"RW, LW",1-way,EDM,Stnd (UFA),1000000,JoshArchibald2019
501,29,900000,2022,0,1,Josh Archibald,"RW, LW",1-way,PIT,Stnd (UFA),900000,JoshArchibald2022
502,26,775000,2017,0,1,Josh Jooris,C,1-way,CAR,Stnd (UFA),775000,JoshJooris2017
503,27,650000,2018,0,1,Josh Jooris,C,1-way,TOR,Stnd (UFA),650000,JoshJooris2018
504,27,875000,2020,0,1,Josh Leivo,"RW, LW",1-way,CGY,Stnd (UFA),875000,JoshLeivo2020
505,28,750000,2021,0,1,Josh Leivo,"RW, LW",1-way,CAR,Stnd (UFA),750000,JoshLeivo2021
506,29,750000,2022,0,1,Josh Leivo,"RW, LW",1-way,STL,Stnd (UFA),750000,JoshLeivo2022
507,30,4500000,2022,0,4,Josh Manson,RD,1-way,COL,Stnd (UFA),18000000,JoshManson2022
508,26,975000,2021,0,2,Jujhar Khaira,"LW, C",1-way,CHI,Stnd (UFA),1950000,JujharKhaira2021
509,31,4000000,2014,0,4,Jussi Jokinen,"LW, RW",1-way,FLA,Stnd (UFA),16000000,JussiJokinen2014
510,34,1100000,2017,0,1,Jussi Jokinen,"LW, RW",1-way,EDM,Stnd (UFA),1100000,JussiJokinen2017
511,27,562500,2014,0,2,Jussi Rynnas,G,1-way,DAL,Stnd (UFA),1125000,JussiRynnas2014
512,35,1000000,2022,0,1,Justin Braun,RD,1-way,PHI,35+ (UFA),1750000,JustinBraun2022
513,28,750000,2021,0,1,Justin Danforth,"RW, C",1-way,CBJ,Stnd (UFA),750000,JustinDanforth2021
514,30,750000,2021,0,2,Justin Dowling,"C, LW",1-way,VAN,Stnd (UFA),1500000,JustinDowling2021
515,27,650000,2016,0,1,Justin Falk,LD,1-way,BUF,Stnd (UFA),650000,JustinFalk2016
516,26,1400000,2016,0,1,Justin Schultz,RD,1-way,PIT,Stnd (UFA),1400000,JustinSchultz2016
517,29,4000000,2020,0,2,Justin Schultz,RD,1-way,WSH,Stnd (UFA),8000000,JustinSchultz2020
518,31,3000000,2022,0,2,Justin Schultz,RD,1-way,SEA,Stnd (UFA),6000000,JustinSchultz2022
519,33,3250000,2015,0,2,Justin Williams,RW,1-way,WSH,Stnd (UFA),6500000,JustinWilliams2015
520,35,4500000,2017,0,2,Justin Williams,RW,1-way,CAR,35+ (UFA),9000000,JustinWilliams2017
521,37,700000,2020,0,1,Justin Williams,RW,1-way,CAR,35+ (UFA),2000000,JustinWilliams2020
522,28,4625000,2017,0,5,Karl Alzner,LD,1-way,MTL,Stnd (UFA),23125000,KarlAlzner2017
523,28,3800000,2015,0,1,Karri Ramo,G,1-way,CGY,Stnd (UFA),3800000,KarriRamo2015
524,24,735000,2013,0,1,Keaton Ellerby,D,1-way,LAK,Stnd (UFA),735000,KeatonEllerby2013
525,25,800000,2014,0,1,Keith Aulie,D,1-way,EDM,Stnd (UFA),800000,KeithAulie2014
526,30,1500000,2013,0,2,Keith Ballard,D,1-way,MIN,Stnd (UFA),3000000,KeithBallard2013
527,29,1750000,2019,0,1,Keith Kinkaid,G,1-way,MTL,Stnd (UFA),1750000,KeithKinkaid2019
528,30,825000,2020,0,2,Keith Kinkaid,G,1-way,NYR,Stnd (UFA),1650000,KeithKinkaid2020
529,34,900000,2021,0,1,Keith Yandle,LD,1-way,PHI,Stnd (UFA),900000,KeithYandle2021
530,24,625000,2016,0,1,Kenny Agostino,LW,1-way,STL,Stnd (UFA),625000,KennyAgostino2016
531,25,875000,2017,0,1,Kenny Agostino,LW,1-way,BOS,Stnd (UFA),875000,KennyAgostino2017
532,27,737500,2019,0,2,Kenny Agostino,LW,1-way,TOR,Stnd (UFA),1475000,KennyAgostino2019
533,34,750000,2013,0,1,Kent Huskins,D,1-way,PHI,Stnd (UFA),750000,KentHuskins2013
534,32,1250000,2020,0,1,Kevan Miller,RD,1-way,BOS,Stnd (UFA),2000000,KevanMiller2020
535,27,700000,2019,0,1,Kevin Gravel,LD,1-way,TOR,Stnd (UFA),700000,KevinGravel2019
536,27,1500000,2022,0,1,Kevin Lankinen,G,1-way,NSH,Stnd (UFA),1500000,KevinLankinen2022
537,27,750000,2020,0,2,Kevin Rooney,C,1-way,NYR,Stnd (UFA),1500000,KevinRooney2020
538,29,1300000,2022,0,2,Kevin Rooney,C,1-way,CGY,Stnd (UFA),2600000,KevinRooney2022
539,28,6650000,2017,0,4,Kevin Shattenkirk,RD,1-way,NYR,Stnd (UFA),26600000,KevinShattenkirk2017
540,30,1750000,2019,0,1,Kevin Shattenkirk,RD,1-way,TBL,Stnd (UFA),1750000,KevinShattenkirk2019
541,31,3900000,2020,0,3,Kevin Shattenkirk,RD,1-way,ANA,Stnd (UFA),11700000,KevinShattenkirk2020
542,27,750000,2022,0,1,Kiefer Sherwood,"LW, RW",1-way,NSH,Stnd (UFA),750000,KieferSherwood2022
543,24,750000,2016,0,1,Klas Dahlbeck,LD,1-way,ARI,Stnd (UFA),750000,KlasDahlbeck2016
544,30,1000000,2020,0,2,Kodie Curran,LD,1-way,ANA,Stnd (UFA),2000000,KodieCurran2020
545,27,750000,2015,0,1,Korbinian Holzer,RD,1-way,ANA,Stnd (UFA),750000,KorbinianHolzer2015
546,28,700000,2016,0,1,Korbinian Holzer,RD,1-way,ANA,Stnd (UFA),700000,KorbinianHolzer2016
547,29,3100000,2016,0,1,Kris Russell,LD/RD,1-way,EDM,Stnd (UFA),3100000,KrisRussell2016
548,30,950000,2016,0,1,Kris Versteeg,"LW, RW",1-way,CGY,Stnd (UFA),950000,KrisVersteeg2016
549,32,750000,2012,0,2,Krys Barch,LW,1-way,NJD,Stnd (UFA),1500000,KrysBarch2012
550,31,950000,2013,0,1,Kurtis Foster,D,1-way,PHI,Stnd (UFA),950000,KurtisFoster2013
551,28,750000,2021,0,1,Kurtis Gabriel,RW,1-way,TOR,Stnd (UFA),750000,KurtisGabriel2021
552,31,900000,2015,0,1,Kyle Brodziak,C,1-way,STL,Stnd (UFA),900000,KyleBrodziak2015
553,34,1150000,2018,0,2,Kyle Brodziak,C,1-way,EDM,Stnd (UFA),2300000,KyleBrodziak2018
554,26,675000,2012,0,1,Kyle Chipchura,"C, RW",1-way,ARI,Stnd (UFA),675000,KyleChipchura2012
555,27,875000,2013,0,3,Kyle Chipchura,"C, RW",1-way,ARI,Stnd (UFA),2625000,KyleChipchura2013
556,29,1000000,2020,0,2,Kyle Clifford,LW,1-way,STL,Stnd (UFA),2000000,KyleClifford2020
557,28,575000,2015,0,1,Kyle Cumiskey,LD,1-way,CHI,Stnd (UFA),575000,KyleCumiskey2015
558,28,6000000,2016,0,7,Kyle Okposo,RW,1-way,BUF,Stnd (UFA),42000000,KyleOkposo2016
559,30,5000000,2021,0,4,Kyle Palmieri,"RW, LW",1-way,NYI,Stnd (UFA),20000000,KylePalmieri2021
560,31,1250000,2016,0,1,Kyle Quincey,RD,1-way,NJD,Stnd (UFA),1250000,KyleQuincey2016
561,30,1650000,2020,0,2,Kyle Turris,"C, RW",1-way,EDM,Stnd (UFA),3300000,KyleTurris2020
562,29,1600000,2012,0,1,Kyle Wellwood,C,1-way,WPG,Stnd (UFA),1600000,KyleWellwood2012
563,27,1000000,2017,0,1,Lance Bouma,"C, LW, RW",1-way,CHI,Stnd (UFA),1000000,LanceBouma2017
564,28,575000,2016,0,1,Lars Johansson,G,1-way,CHI,Stnd (UFA),575000,LarsJohansson2016
565,25,650000,2018,0,1,Laurent Brossoit,G,1-way,WPG,Stnd (UFA),650000,LaurentBrossoit2018
566,28,2325000,2021,0,2,Laurent Brossoit,G,1-way,VGK,Stnd (UFA),4650000,LaurentBrossoit2021
567,29,1000000,2016,0,1,Lauri Korpikoski,"LW, RW",1-way,DAL,Stnd (UFA),1000000,LauriKorpikoski2016
568,31,900000,2014,0,1,Lee Stempniak,RW,1-way,NYR,Stnd (UFA),900000,LeeStempniak2014
569,32,850000,2015,0,1,Lee Stempniak,RW,1-way,NJD,Stnd (UFA),850000,LeeStempniak2015
570,35,650000,2019,0,1,Lee Stempniak,RW,1-way,BOS,35+ (UFA),650000,LeeStempniak2019
571,31,3000000,2018,0,4,Leo Komarov,"RW, LW, C",1-way,NYI,Stnd (UFA),12000000,LeoKomarov2018
572,27,5000000,2021,0,4,Linus Ullmark,G,1-way,BOS,Stnd (UFA),20000000,LinusUllmark2021
573,30,6000000,2016,0,6,Loui Eriksson,"LW, RW",1-way,VAN,Stnd (UFA),36000000,LouiEriksson2016
574,30,775000,2022,0,2,Louis Domingue,G,1-way,NYR,Stnd (UFA),1550000,LouisDomingue2022
575,28,1500000,2018,0,1,Luca Sbisa,LD,1-way,NYI,Stnd (UFA),1500000,LucaSbisa2018
576,29,750000,2019,0,1,Luca Sbisa,LD,1-way,ANA,Stnd (UFA),750000,LucaSbisa2019
577,30,800000,2020,0,1,Luca Sbisa,LD,1-way,WPG,Stnd (UFA),800000,LucaSbisa2020
578,24,950000,2020,0,1,Lucas Wallmark,C,1-way,CHI,Stnd (UFA),950000,LucasWallmark2020
579,32,1500000,2021,0,2,Luke Glendening,"C, RW, LW",1-way,DAL,Stnd (UFA),3000000,LukeGlendening2021
580,26,1250000,2016,0,2,Luke Schenn,RD,1-way,ARI,Stnd (UFA),2500000,LukeSchenn2016
581,28,800000,2018,0,1,Luke Schenn,RD,1-way,ANA,Stnd (UFA),800000,LukeSchenn2018
582,29,700000,2019,0,1,Luke Schenn,RD,1-way,TBL,Stnd (UFA),700000,LukeSchenn2019
583,30,800000,2020,0,1,Luke Schenn,RD,1-way,TBL,Stnd (UFA),800000,LukeSchenn2020
584,31,850000,2021,0,2,Luke Schenn,RD,1-way,VAN,Stnd (UFA),1700000,LukeSchenn2021
585,27,750000,2017,0,2,Luke Witkowski,"RW, RD",1-way,DET,Stnd (UFA),1500000,LukeWitkowski2017
586,31,750000,2022,0,1,Magnus Hellberg,G,1-way,SEA,Stnd (UFA),750000,MagnusHellberg2022
587,26,850000,2020,0,2,Malcolm Subban,G,1-way,CHI,Stnd (UFA),1700000,MalcolmSubban2020
588,24,700000,2020,0,1,Marc Michaelis,"LW, C",1-way,VAN,Stnd (UFA),700000,MarcMichaelis2020
589,35,750000,2022,0,1,Marc Staal,LD,1-way,FLA,35+ (UFA),750000,MarcStaal2022
590,28,4500000,2019,0,2,Marcus Johansson,"LW, RW",1-way,BUF,Stnd (UFA),9000000,MarcusJohansson2019
591,30,1500000,2021,0,1,Marcus Johansson,"LW, RW",1-way,SEA,Stnd (UFA),1500000,MarcusJohansson2021
592,31,1100000,2022,0,1,Marcus Johansson,"LW, RW",1-way,WSH,Stnd (UFA),1100000,MarcusJohansson2022
593,36,3000000,2013,0,1,Marek Zidlicky,RD,1-way,NJD,35+ (UFA),4000000,MarekZidlicky2013
594,38,1500000,2015,0,1,Marek Zidlicky,RD,1-way,NYI,35+ (UFA),2839990,MarekZidlicky2015
595,26,1100000,2015,0,1,Mark Arcobello,"C, RW",1-way,TOR,Stnd (UFA),1100000,MarkArcobello2015
596,30,2000000,2020,0,2,Mark Borowiecki,LD,1-way,NSH,Stnd (UFA),4000000,MarkBorowiecki2020
597,27,900000,2013,0,1,Mark Fistric,D,1-way,ANA,Stnd (UFA),900000,MarkFistric2013
598,25,700000,2020,0,1,Mark Jankowski,"C, LW",1-way,PIT,Stnd (UFA),700000,MarkJankowski2020
599,30,1800000,2015,0,3,Mark Letestu,"C, RW",1-way,EDM,Stnd (UFA),5400000,MarkLetestu2015
600,28,750000,2020,0,1,Mark Pysyk,RD,1-way,DAL,Stnd (UFA),750000,MarkPysyk2020
601,29,900000,2021,0,1,Mark Pysyk,RD,1-way,BUF,Stnd (UFA),900000,MarkPysyk2021
602,30,850000,2022,0,1,Mark Pysyk,RD,1-way,DET,Stnd (UFA),850000,MarkPysyk2022
603,39,700000,2017,0,1,Mark Streit,RD,1-way,MTL,35+ (UFA),1000000,MarkStreit2017
604,26,1300000,2019,0,1,Markus Granlund,"RW, LW, C",1-way,EDM,Stnd (UFA),1300000,MarkusGranlund2019
605,28,1500000,2022,0,1,Markus Nutivaara,LD/RD,1-way,SJS,Stnd (UFA),1750000,MarkusNutivaara2022
606,40,4500000,2012,0,2,Martin Brodeur,G,1-way,NJD,35+ (UFA),9000000,MartinBrodeur2012
607,42,700000,2014,0,1,Martin Brodeur,G,1-way,STL,35+ (UFA),700000,MartinBrodeur2014
608,30,4750000,2017,0,3,Martin Hanzal,C,1-way,DAL,Stnd (UFA),14250000,MartinHanzal2017
609,33,1500000,2014,0,1,Martin Havlat,LW,1-way,NJD,Stnd (UFA),1500000,MartinHavlat2014
610,31,2000000,2021,0,1,Martin Jones,G,1-way,PHI,Stnd (UFA),2000000,MartinJones2021
611,32,2000000,2022,0,1,Martin Jones,G,1-way,SEA,Stnd (UFA),2000000,MartinJones2022
612,27,4500000,2022,0,4,Mason Marchment,"LW, RW",1-way,DAL,Stnd (UFA),18000000,MasonMarchment2022
613,28,1000000,2013,0,1,Mason Raymond,LW,1-way,TOR,Stnd (UFA),1000000,MasonRaymond2013
614,28,3150000,2014,0,3,Mason Raymond,LW,1-way,CGY,Stnd (UFA),9450000,MasonRaymond2014
615,33,950000,2021,0,1,Mathieu Perreault,"LW, RW, C",1-way,MTL,Stnd (UFA),950000,MathieuPerreault2021
616,31,6000000,2019,0,5,Mats Zuccarello,"RW, LW",1-way,MIN,Stnd (UFA),30000000,MatsZuccarello2019
617,27,1750000,2015,0,1,Matt Bartkowski,RD,1-way,VAN,Stnd (UFA),1750000,MattBartkowski2015
618,27,3800000,2015,0,5,Matt Beleskey,LW,1-way,BOS,Stnd (UFA),19000000,MattBeleskey2015
619,28,2850000,2018,0,3,Matt Calvert,"LW, RW",1-way,COL,Stnd (UFA),8550000,MattCalvert2018
620,31,1500000,2012,0,3,Matt Carkner,D,1-way,OTT,Stnd (UFA),4500000,MattCarkner2012
621,34,2500000,2013,0,3,Matt Cooke,LW,1-way,MIN,Stnd (UFA),7500000,MattCooke2013
622,36,3500000,2013,0,2,Matt Cullen,"C, LW",1-way,NSH,35+ (UFA),7000000,MattCullen2013
623,38,800000,2015,0,1,Matt Cullen,"C, LW",1-way,PIT,35+ (UFA),800000,MattCullen2015
624,39,1000000,2016,0,1,Matt Cullen,"C, LW",1-way,PIT,35+ (UFA),1000000,MattCullen2016
625,40,1000000,2017,0,1,Matt Cullen,"C, LW",1-way,MIN,35+ (UFA),1700000,MattCullen2017
626,41,650000,2018,0,1,Matt Cullen,"C, LW",1-way,PIT,35+ (UFA),650000,MattCullen2018
627,26,550000,2013,0,1,Matt D'Agostini,RW,1-way,PIT,Stnd (UFA),550000,MattDAgostini2013
628,28,8000000,2019,0,7,Matt Duchene,"RW, C",1-way,NSH,Stnd (UFA),56000000,MattDuchene2019
629,32,1850000,2013,0,4,Matt Hendricks,"RW, C, LW",1-way,NSH,Stnd (UFA),7400000,MattHendricks2013
630,36,700000,2017,0,1,Matt Hendricks,"RW, C, LW",1-way,WPG,35+ (UFA),700000,MattHendricks2017
631,37,700000,2018,0,1,Matt Hendricks,"RW, C, LW",1-way,MIN,35+ (UFA),700000,MattHendricks2018
632,26,1000000,2020,0,2,Matthew Benning,RD,1-way,NSH,Stnd (UFA),2000000,MatthewBenning2020
633,28,1250000,2022,0,4,Matthew Benning,RD,1-way,SJS,Stnd (UFA),5000000,MatthewBenning2022
634,27,5500000,2012,0,6,Matthew Carle,LD,1-way,TBL,Stnd (UFA),33000000,MatthewCarle2012
635,31,700000,2016,0,1,Matthew Carle,LD,1-way,NSH,Stnd (UFA),700000,MatthewCarle2016
636,32,800000,2014,0,2,Matthew Lombardi,C,1-way,NYR,Stnd (UFA),1600000,MatthewLombardi2014
637,25,1300000,2018,0,2,Matthew Peca,"LW, C",1-way,MTL,Stnd (UFA),2600000,MatthewPeca2018
638,30,1200000,2015,0,2,Matt Hunwick,LD,1-way,TOR,Stnd (UFA),2400000,MattHunwick2015
639,32,2250000,2017,0,3,Matt Hunwick,LD,1-way,PIT,Stnd (UFA),6750000,MattHunwick2017
640,27,2250000,2020,0,1,Mattias Janmark,"LW, RW",1-way,CHI,Stnd (UFA),2250000,MattiasJanmark2020
641,28,2000000,2021,0,1,Mattias Janmark,"LW, RW",1-way,VGK,Stnd (UFA),2000000,MattiasJanmark2021
642,29,1250000,2022,0,1,Mattias Janmark,"LW, RW",1-way,EDM,Stnd (UFA),1250000,MattiasJanmark2022
643,27,800000,2015,0,1,Matt Irwin,LD/RD,1-way,BOS,Stnd (UFA),800000,MattIrwin2015
644,32,700000,2020,0,1,Matt Irwin,LD/RD,1-way,BUF,Stnd (UFA),700000,MattIrwin2020
645,31,1500000,2021,0,4,Matt Martin,"LW, RW",1-way,NYI,Stnd (UFA),6000000,MattMartin2021
646,30,5000000,2014,0,5,Matt Moulson,LW,1-way,BUF,Stnd (UFA),25000000,MattMoulson2014
647,27,700000,2020,0,1,Matt Nieto,"LW, RW",1-way,SJS,Stnd (UFA),700000,MattNieto2020
648,27,5750000,2014,0,7,Matt Niskanen,RD,1-way,WSH,Stnd (UFA),40250000,MattNiskanen2014
649,27,3000000,2022,0,1,Max Domi,"C, LW",1-way,CHI,Stnd (UFA),3000000,MaxDomi2022
650,28,1100000,2013,0,2,Maxim Lapierre,C,1-way,STL,Stnd (UFA),2200000,MaximLapierre2013
651,27,625000,2014,0,2,Maxim Noreau,RD,1-way,COL,Stnd (UFA),1250000,MaximNoreau2014
652,25,950000,2021,0,2,Michael Bunting,LW,1-way,TOR,Stnd (UFA),1900000,MichaelBunting2021
653,25,750000,2021,0,1,Michael Dal Colle,LW,1-way,NYI,Stnd (UFA),750000,MichaelDalColle2021
654,27,3000000,2017,0,2,Michael Del Zotto,LD,1-way,VAN,Stnd (UFA),6000000,MichaelDelZotto2017
655,29,750000,2019,0,1,Michael Del Zotto,LD,1-way,ANA,Stnd (UFA),750000,MichaelDelZotto2019
656,31,2000000,2021,0,2,Michael Del Zotto,LD,1-way,OTT,Stnd (UFA),4000000,MichaelDelZotto2021
657,32,750000,2020,0,1,Michael Frolík,"LW, RW",1-way,MTL,Stnd (UFA),750000,MichaelFrolík2020
658,28,1650000,2016,0,2,Michael Grabner,"LW, RW",1-way,NYR,Stnd (UFA),3300000,MichaelGrabner2016
659,30,3350000,2018,0,3,Michael Grabner,"LW, RW",1-way,ARI,Stnd (UFA),10050000,MichaelGrabner2018
660,28,1300000,2018,0,1,Michael Hutchinson,G,1-way,FLA,Stnd (UFA),1300000,MichaelHutchinson2018
661,25,600000,2016,0,1,Michael Latta,C,1-way,LAK,Stnd (UFA),600000,MichaelLatta2016
662,31,900000,2012,0,1,Michael Leighton,G,1-way,PHI,Stnd (UFA),900000,MichaelLeighton2012
663,32,1100000,2021,0,1,Michael Raffl,"LW, RW",1-way,DAL,Stnd (UFA),1100000,MichaelRaffl2021
664,33,3500000,2013,0,2,Michael Ryder,RW,1-way,NJD,Stnd (UFA),7000000,MichaelRyder2013
665,24,650000,2017,0,1,Michael Sgarbossa,C,1-way,WPG,Stnd (UFA),650000,MichaelSgarbossa2017
666,29,700000,2019,0,1,Michael Stone,RD,1-way,CGY,Stnd (UFA),700000,MichaelStone2019
667,31,750000,2021,0,1,Michael Stone,RD,1-way,CGY,Stnd (UFA),750000,MichaelStone2021
668,36,1000000,2013,0,1,Michal Handzus,C,1-way,CHI,35+ (UFA),1000000,MichalHandzus2013
669,31,750000,2022,0,1,Michal Kempný,LD,1-way,SEA,Stnd (UFA),750000,MichalKempný2022
670,34,2000000,2012,0,1,Michal Rozsíval,RD,1-way,CHI,Stnd (UFA),2000000,MichalRozsíval2012
671,34,2200000,2013,0,2,Michal Rozsíval,RD,1-way,CHI,Stnd (UFA),4400000,MichalRozsíval2013
672,36,600000,2015,0,1,Michal Rozsíval,RD,1-way,CHI,35+ (UFA),800000,MichalRozsíval2015
673,27,3500000,2019,0,4,Micheal Ferland,"LW, RW",1-way,VAN,Stnd (UFA),14000000,MichealFerland2019
674,31,825000,2017,0,2,Micheal Haley,C,1-way,FLA,Stnd (UFA),1650000,MichealHaley2017
675,28,3750000,2020,0,1,Mikael Granlund,"C, RW",1-way,NSH,Stnd (UFA),3750000,MikaelGranlund2020
676,29,5000000,2021,0,4,Mikael Granlund,"C, RW",1-way,NSH,Stnd (UFA),20000000,MikaelGranlund2021
677,35,3000000,2012,0,2,Mikael Samuelsson,RW,1-way,DET,35+ (UFA),6000000,MikaelSamuelsson2012
678,32,5000000,2014,0,5,Mike Cammalleri,"LW, C",1-way,NJD,Stnd (UFA),25000000,MikeCammalleri2014
679,35,1000000,2017,0,1,Mike Cammalleri,"LW, C",1-way,LAK,35+ (UFA),1200000,MikeCammalleri2017
680,37,1000000,2018,0,1,Mike Fisher,C,1-way,NSH,35+ (UFA),1000000,MikeFisher2018
681,29,6000000,2015,0,3,Mike Green,RD,1-way,DET,Stnd (UFA),18000000,MikeGreen2015
682,31,4500000,2021,0,3,Mike Hoffman,LW,1-way,MTL,Stnd (UFA),13500000,MikeHoffman2021
683,31,700000,2013,0,1,Mike Komisarek,RD,1-way,CAR,Stnd (UFA),700000,MikeKomisarek2013
684,27,1150000,2012,0,1,Mike Lundin,LD,1-way,OTT,Stnd (UFA),1150000,MikeLundin2012
685,33,5500000,2013,0,4,Mike Ribeiro,C,1-way,ARI,Stnd (UFA),22000000,MikeRibeiro2013
686,34,1050000,2014,0,1,Mike Ribeiro,C,1-way,NSH,Stnd (UFA),1050000,MikeRibeiro2014
687,35,3500000,2015,0,2,Mike Ribeiro,C,1-way,NSH,35+ (UFA),7000000,MikeRibeiro2015
688,30,1000000,2016,0,1,Mike Richards,C,1-way,WSH,Stnd (UFA),1000000,MikeRichards2016
689,28,1500000,2014,0,1,Mike Santorelli,"C, RW",1-way,TOR,Stnd (UFA),1500000,MikeSantorelli2014
690,29,875000,2015,0,1,Mike Santorelli,"C, RW",1-way,ANA,Stnd (UFA),875000,MikeSantorelli2015
691,37,2000000,2019,0,1,Mike Smith,G,1-way,EDM,35+ (UFA),3750000,MikeSmith2019
692,38,1500000,2020,0,1,Mike Smith,G,1-way,EDM,35+ (UFA),2000000,MikeSmith2020
693,36,1750000,2014,0,1,Mike Weaver,D,1-way,MTL,35+ (UFA),1750000,MikeWeaver2014
694,29,3000000,2013,0,1,Mikhail Grabovski,"C, RW",1-way,WSH,Stnd (UFA),3000000,MikhailGrabovski2013
695,30,5000000,2014,0,4,Mikhail Grabovski,"C, RW",1-way,NYI,Stnd (UFA),20000000,MikhailGrabovski2014
696,26,1200000,2020,0,1,Mikhail Grigorenko,"C, LW",1-way,CBJ,Stnd (UFA),1200000,MikhailGrigorenko2020
697,26,4000000,2016,0,4,Mikkel Boedker,"LW, RW",1-way,SJS,Stnd (UFA),16000000,MikkelBoedker2016
698,37,1500000,2020,0,1,Mikko Koivu,C,1-way,CBJ,35+ (UFA),1750000,MikkoKoivu2020
699,27,900000,2021,0,1,Mikko Lehtonen,LD,1-way,CBJ,Stnd (UFA),900000,MikkoLehtonen2021
700,28,6000000,2016,0,7,Milan Lucic,"LW, RW",1-way,EDM,Stnd (UFA),42000000,MilanLucic2016
701,23,875000,2017,0,1,Nail Yakupov,"RW, LW",1-way,COL,Stnd (UFA),875000,NailYakupov2017
702,32,1650000,2017,0,2,Nate Thompson,C,1-way,OTT,Stnd (UFA),3300000,NateThompson2017
703,35,750000,2020,0,1,Nate Thompson,C,1-way,WPG,35+ (UFA),750000,NateThompson2020
704,36,800000,2021,0,1,Nate Thompson,C,1-way,PHI,35+ (UFA),800000,NateThompson2021
705,26,1000000,2019,0,1,Nathan Beaulieu,LD/RD,1-way,WPG,Stnd (UFA),1000000,NathanBeaulieu2019
706,27,1250000,2020,0,2,Nathan Beaulieu,LD/RD,1-way,WPG,Stnd (UFA),2500000,NathanBeaulieu2020
707,29,850000,2022,0,1,Nathan Beaulieu,LD/RD,1-way,ANA,Stnd (UFA),850000,NathanBeaulieu2022
708,25,550000,2013,0,1,Nathan Gerbe,"LW, RW",1-way,CAR,Stnd (UFA),550000,NathanGerbe2013
709,28,600000,2016,0,1,Nathan Gerbe,"LW, RW",1-way,NYR,Stnd (UFA),600000,NathanGerbe2016
710,28,5300000,2013,0,7,Nathan Horton,RW,1-way,CBJ,Stnd (UFA),37100000,NathanHorton2013
711,31,7000000,2022,0,7,Nazem Kadri,C,1-way,CGY,Stnd (UFA),49000000,NazemKadri2022
712,28,650000,2018,0,1,Nic Dowd,C,1-way,WSH,Stnd (UFA),650000,NicDowd2018
713,29,4100000,2017,0,4,Nick Bonino,"C, LW",1-way,NSH,Stnd (UFA),16400000,NickBonino2017
714,33,2050000,2021,0,2,Nick Bonino,"C, LW",1-way,SJS,Stnd (UFA),4100000,NickBonino2021
715,25,1000000,2019,0,1,Nick Cousins,"LW, C",1-way,MTL,Stnd (UFA),1000000,NickCousins2019
716,26,1500000,2020,0,2,Nick Cousins,"LW, C",1-way,NSH,Stnd (UFA),3000000,NickCousins2020
717,33,3800000,2021,0,2,Nick Foligno,"LW, C, RW",1-way,BOS,Stnd (UFA),7600000,NickFoligno2021
718,31,2200000,2018,0,2,Nick Holden,LD,1-way,VGK,Stnd (UFA),4400000,NickHolden2018
719,31,575000,2016,0,1,Nicklas Grossmann,LD,1-way,CGY,Stnd (UFA),575000,NicklasGrossmann2016
720,31,4000000,2022,0,4,Nick Leddy,LD,1-way,STL,Stnd (UFA),16000000,NickLeddy2022
721,25,2500000,2021,0,2,Nick Ritchie,LW,1-way,TOR,Stnd (UFA),5000000,NickRitchie2021
722,31,1250000,2014,0,1,Nick Schultz,LD,1-way,PHI,Stnd (UFA),1250000,NickSchultz2014
723,26,750000,2019,0,1,Nick Shore,C,1-way,TOR,Stnd (UFA),750000,NickShore2019
724,26,1000000,2022,0,1,Nicolas Aubé-Kubel,RW,1-way,TOR,Stnd (UFA),1000000,NicolasAubé-Kubel2022
725,31,1750000,2022,0,4,Nicolas Deslauriers,"LW, RW",1-way,PHI,Stnd (UFA),7000000,NicolasDeslauriers2022
726,24,950000,2022,0,1,Nicolas Meloche,RD,1-way,CGY,Stnd (UFA),950000,NicolasMeloche2022
727,27,2000000,2022,0,3,Nico Sturm,C,1-way,SJS,Stnd (UFA),6000000,NicoSturm2022
728,27,1000000,2021,0,1,Nikita Gusev,"RW, LW",1-way,FLA,Stnd (UFA),1000000,NikitaGusev2021
729,27,700000,2020,0,1,Nikita Nesterov,LD,1-way,CGY,Stnd (UFA),700000,NikitaNesterov2020
730,28,750000,2022,0,1,Nikita Soshnikov,RW,1-way,NYI,Stnd (UFA),750000,NikitaSoshnikov2022
731,27,3750000,2022,0,2,Nikita Zadorov,LD/RD,1-way,CGY,Stnd (UFA),7500000,NikitaZadorov2022
732,40,1700000,2014,0,1,Nikolai Khabibulin,G,1-way,CHI,35+ (UFA),1700000,NikolaiKhabibulin2014
733,27,4187500,2014,0,4,Nikolai Kulemin,"LW, RW",1-way,NYI,Stnd (UFA),16750000,NikolaiKulemin2014
734,29,4000000,2022,0,2,Nino Niederreiter,"LW, RW",1-way,NSH,Stnd (UFA),8000000,NinoNiederreiter2022
735,27,1666667,2019,0,3,Noel Acciari,"C, RW",1-way,FLA,Stnd (UFA),5000000,NoelAcciari2019
736,30,1250000,2022,0,1,Noel Acciari,"C, RW",1-way,STL,Stnd (UFA),1250000,NoelAcciari2022
737,33,4500000,2012,0,2,Olli Jokinen,C,1-way,WPG,Stnd (UFA),9000000,OlliJokinen2012
738,35,2500000,2014,0,1,Olli Jokinen,C,1-way,NSH,35+ (UFA),2500000,OlliJokinen2014
739,27,2250000,2022,0,1,Olli Määttä,LD,1-way,DET,Stnd (UFA),2250000,OlliMäättä2022
740,25,1250000,2021,0,1,Ondrej Kase,RW,1-way,TOR,Stnd (UFA),1250000,OndrejKase2021
741,26,1500000,2022,0,1,Ondrej Kase,RW,1-way,CAR,Stnd (UFA),1500000,OndrejKase2022
742,31,6000000,2022,0,5,Ondrej Palat,"LW, RW",1-way,NJD,Stnd (UFA),30000000,OndrejPalat2022
743,29,1300000,2017,0,1,Ondrej Pavelec,G,1-way,NYR,Stnd (UFA),1300000,OndrejPavelec2017
744,27,850000,2019,0,1,Oscar Fantenberg,LD,1-way,VAN,Stnd (UFA),850000,OscarFantenberg2019
745,25,2500000,2022,0,2,Oskar Lindblom,LW,1-way,SJS,Stnd (UFA),5000000,OskarLindblom2022
746,27,850000,2019,0,2,Pär Lindholm,"LW, C",1-way,BOS,Stnd (UFA),1700000,PärLindholm2019
747,34,3750000,2013,0,4,Pascal Dupuis,"RW, LW",1-way,PIT,Stnd (UFA),15000000,PascalDupuis2013
748,36,2500000,2022,0,1,Patrice Bergeron,C,1-way,BOS,35+ (UFA),5000000,PatriceBergeron2022
749,29,750000,2021,0,2,Patrick Brown,"C, RW",1-way,VGK,Stnd (UFA),1500000,PatrickBrown2021
750,37,6250000,2017,0,3,Patrick Marleau,"LW, C",1-way,TOR,35+ (UFA),18750000,PatrickMarleau2017
751,40,700000,2020,0,1,Patrick Marleau,"LW, C",1-way,SJS,35+ (UFA),700000,PatrickMarleau2020
752,30,1750000,2018,0,1,Patrick Maroon,"LW, RW",1-way,STL,Stnd (UFA),1750000,PatrickMaroon2018
753,31,900000,2019,0,1,Patrick Maroon,"LW, RW",1-way,TBL,Stnd (UFA),900000,PatrickMaroon2019
754,32,900000,2020,0,2,Patrick Maroon,"LW, RW",1-way,TBL,Stnd (UFA),1800000,PatrickMaroon2020
755,35,800000,2017,0,1,Patrick Sharp,"LW, C",1-way,CHI,35+ (UFA),1000000,PatrickSharp2017
756,25,800000,2016,0,1,Patrick Wiercioch,LD,1-way,COL,Stnd (UFA),800000,PatrickWiercioch2016
757,26,650000,2017,0,1,Patrick Wiercioch,LD,1-way,VAN,Stnd (UFA),650000,PatrickWiercioch2017
758,37,5500000,2013,0,3,Patrik Elias,"C, LW",1-way,NJD,35+ (UFA),16500000,PatrikElias2013
759,27,3000000,2019,0,2,Patrik Nemeth,LD,1-way,DET,Stnd (UFA),6000000,PatrikNemeth2019
760,29,2500000,2021,0,3,Patrik Nemeth,LD,1-way,NYR,Stnd (UFA),7500000,PatrikNemeth2021
761,25,600000,2014,0,1,Paul Byron,"LW, RW",1-way,CGY,Stnd (UFA),600000,PaulByron2014
762,27,700000,2020,0,1,Paul LaDue,RD,1-way,WSH,Stnd (UFA),700000,PaulLaDue2020
763,34,4850000,2015,0,4,Paul Martin,LD,1-way,SJS,Stnd (UFA),19400000,PaulMartin2015
764,28,725000,2017,0,1,Paul Postma,RD,1-way,BOS,Stnd (UFA),725000,PaulPostma2017
765,28,1000000,2013,0,1,Paul Ranger,LD,1-way,TOR,Stnd (UFA),1000000,PaulRanger2013
766,28,7000000,2014,0,4,Paul Stastny,"C, LW",1-way,STL,Stnd (UFA),28000000,PaulStastny2014
767,32,6500000,2018,0,3,Paul Stastny,"C, LW",1-way,VGK,Stnd (UFA),19500000,PaulStastny2018
768,36,1500000,2022,0,1,Paul Stastny,"C, LW",1-way,CAR,35+ (UFA),2000000,PaulStastny2022
769,30,800000,2013,0,2,Peter Harrold,"RD, RW",1-way,NJD,Stnd (UFA),1600000,PeterHarrold2013
770,27,750000,2013,0,1,Peter Regin,C,1-way,NYI,Stnd (UFA),750000,PeterRegin2013
771,26,1500000,2018,0,1,Petr Mrázek,G,1-way,CAR,Stnd (UFA),1500000,PetrMrázek2018
772,27,3125000,2019,0,2,Petr Mrázek,G,1-way,CAR,Stnd (UFA),6250000,PetrMrázek2019
773,29,3800000,2021,0,3,Petr Mrázek,G,1-way,TOR,Stnd (UFA),11400000,PetrMrázek2021
774,27,750000,2022,0,1,Petteri Lindbohm,LD,1-way,FLA,Stnd (UFA),750000,PetteriLindbohm2022
775,30,825000,2022,0,1,Pheonix Copley,G,1-way,LAK,Stnd (UFA),825000,PheonixCopley2022
776,26,1025000,2016,0,1,Philip Larsen,D,1-way,VAN,Stnd (UFA),1025000,PhilipLarsen2016
777,29,5900000,2021,0,6,Philipp Grubauer,G,1-way,SEA,Stnd (UFA),35400000,PhilippGrubauer2021
778,34,1500000,2022,0,1,Phil Kessel,RW,1-way,VGK,Stnd (UFA),1500000,PhilKessel2022
779,28,5500000,2021,0,6,Phillip Danault,C,1-way,LAK,Stnd (UFA),33000000,PhillipDanault2021
780,29,4000000,2012,0,4,Pierre-Alexandre Parenteau,RW,1-way,COL,Stnd (UFA),16000000,Pierre-AlexandreParenteau2012
781,32,1500000,2015,0,1,Pierre-Alexandre Parenteau,RW,1-way,TOR,Stnd (UFA),1500000,Pierre-AlexandreParenteau2015
782,33,1250000,2016,0,1,Pierre-Alexandre Parenteau,RW,1-way,NYI,Stnd (UFA),1250000,Pierre-AlexandreParenteau2016
783,26,625000,2013,0,1,Pierre-Cédric Labrie,LW,1-way,TBL,Stnd (UFA),625000,Pierre-CédricLabrie2013
784,34,1800000,2019,0,2,Pierre-Édouard Bellemare,"C, LW",1-way,COL,Stnd (UFA),3600000,Pierre-ÉdouardBellemare2019
785,36,1000000,2021,0,2,Pierre-Édouard Bellemare,"C, LW",1-way,TBL,35+ (UFA),2000000,Pierre-ÉdouardBellemare2021
786,29,2000000,2013,0,1,Pierre-Marc Bouchard,RW,1-way,NYI,Stnd (UFA),2000000,Pierre-MarcBouchard2013
787,25,3250000,2021,0,2,Pius Suter,"C, LW",1-way,DET,Stnd (UFA),6500000,PiusSuter2021
788,25,700000,2019,0,1,Pontus Åberg,"RW, LW",1-way,TOR,Stnd (UFA),700000,PontusÅberg2019
789,36,600000,2013,0,1,Radek Martinek,RD,1-way,NYI,35+ (UFA),600000,RadekMartinek2013
790,33,5000000,2014,0,2,Radim Vrbata,RW,1-way,VAN,Stnd (UFA),10000000,RadimVrbata2014
791,35,1000000,2016,0,1,Radim Vrbata,RW,1-way,ARI,35+ (UFA),3250000,RadimVrbata2016
792,30,2500000,2020,0,3,Radko Gudas,RD,1-way,FLA,Stnd (UFA),7500000,RadkoGudas2020
793,28,700000,2014,0,1,Raphael Diaz,RD,1-way,CGY,Stnd (UFA),700000,RaphaelDiaz2014
794,30,1650000,2013,0,1,Ray Emery,G,1-way,PHI,Stnd (UFA),1650000,RayEmery2013
795,31,1000000,2014,0,1,Ray Emery,G,1-way,PHI,Stnd (UFA),1000000,RayEmery2014
796,33,600000,2016,0,1,Ray Emery,G,1-way,PHI,Stnd (UFA),575000,RayEmery2016
797,40,4500000,2012,0,2,Ray Whitney,LW,1-way,DAL,35+ (UFA),9000000,RayWhitney2012
798,31,5000000,2022,0,3,Reilly Smith,"LW, RW",1-way,VGK,Stnd (UFA),15000000,ReillySmith2022
799,25,1100000,2022,0,2,Rem Pitlick,"LW, C, RW",1-way,MTL,Stnd (UFA),2200000,RemPitlick2022
800,34,650000,2016,0,1,Rene Bourque,LW,1-way,COL,Stnd (UFA),650000,ReneBourque2016
801,30,700000,2017,0,1,Reto Berra,G,1-way,ANA,Stnd (UFA),700000,RetoBerra2017
802,27,575000,2015,0,2,Richard Bachman,G,1-way,VAN,Stnd (UFA),1150000,RichardBachman2015
803,28,2750000,2019,0,4,Richard Pánik,"LW, RW",1-way,WSH,Stnd (UFA),11000000,RichardPánik2019
804,30,3250000,2012,0,3,Rich Peverley,C,1-way,BOS,Stnd (UFA),9750000,RichPeverley2012
805,29,2750000,2018,0,3,Riley Nash,"C, RW",1-way,CBJ,Stnd (UFA),8250000,RileyNash2018
806,32,750000,2021,0,1,Riley Nash,"C, RW",1-way,WPG,Stnd (UFA),750000,RileyNash2021
807,27,900000,2019,0,1,Riley Sheahan,"LW, C",1-way,EDM,Stnd (UFA),900000,RileySheahan2019
808,29,850000,2021,0,1,Riley Sheahan,"LW, C",1-way,SEA,Stnd (UFA),850000,RileySheahan2021
809,27,800000,2022,0,1,Robert Hägg,LD,1-way,DET,Stnd (UFA),800000,RobertHägg2022
810,26,1500000,2018,0,1,Robin Lehner,G,1-way,NYI,Stnd (UFA),1500000,RobinLehner2018
811,27,5000000,2019,0,1,Robin Lehner,G,1-way,CHI,Stnd (UFA),5000000,RobinLehner2019
812,34,3375000,2013,0,4,Rob Scuderi,LD,1-way,PIT,Stnd (UFA),13500000,RobScuderi2013
813,30,2250000,2016,0,1,Roman Polák,RD,1-way,TOR,Stnd (UFA),2250000,RomanPolák2016
814,31,1100000,2017,0,1,Roman Polák,RD,1-way,TOR,Stnd (UFA),1100000,RomanPolák2017
815,32,1300000,2018,0,1,Roman Polák,RD,1-way,DAL,Stnd (UFA),1300000,RomanPolák2018
816,32,2000000,2013,0,1,Ron Hainsey,RD,1-way,CAR,Stnd (UFA),2000000,RonHainsey2013
817,36,3000000,2017,0,2,Ron Hainsey,RD,1-way,TOR,35+ (UFA),6000000,RonHainsey2017
818,38,3500000,2019,0,1,Ron Hainsey,RD,1-way,OTT,35+ (UFA),3500000,RonHainsey2019
819,27,1000000,2013,0,1,Rostislav Olesz,LW,1-way,NJD,Stnd (UFA),1000000,RostislavOlesz2013
820,25,750000,2022,0,1,Rūdolfs Balcers,"LW, RW",1-way,FLA,Stnd (UFA),750000,RūdolfsBalcers2022
821,28,1000000,2019,0,3,Ryan Carpenter,"RW, C",1-way,CHI,Stnd (UFA),3000000,RyanCarpenter2019
822,31,750000,2022,0,1,Ryan Carpenter,"RW, C",1-way,NYR,Stnd (UFA),750000,RyanCarpenter2022
823,25,750000,2021,0,1,Ryan Donato,"LW, C",1-way,SEA,Stnd (UFA),750000,RyanDonato2021
824,26,1200000,2022,0,1,Ryan Donato,"LW, C",1-way,SEA,Stnd (UFA),1200000,RyanDonato2022
825,27,3375000,2019,0,2,Ryan Dzingel,"LW, RW, C",1-way,CAR,Stnd (UFA),6750000,RyanDzingel2019
826,29,1100000,2021,0,1,Ryan Dzingel,"LW, RW, C",1-way,ARI,Stnd (UFA),1100000,RyanDzingel2021
827,30,4850000,2013,0,5,Ryane Clowe,"LW, RW",1-way,NJD,Stnd (UFA),24250000,RyaneClowe2013
828,36,3000000,2021,0,1,Ryan Getzlaf,C,1-way,ANA,35+ (UFA),4500000,RyanGetzlaf2021
829,29,1500000,2013,0,1,Ryan Jones,LW,1-way,EDM,Stnd (UFA),1500000,RyanJones2013
830,25,725000,2020,0,2,Ryan Lomberg,LW,1-way,FLA,Stnd (UFA),1450000,RyanLomberg2020
831,34,700000,2014,0,1,Ryan Malone,LW,1-way,NYR,Stnd (UFA),700000,RyanMalone2014
832,33,6000000,2014,0,3,Ryan Miller,G,1-way,VAN,Stnd (UFA),18000000,RyanMiller2014
833,36,2000000,2017,0,2,Ryan Miller,G,1-way,ANA,35+ (UFA),4000000,RyanMiller2017
834,39,1000000,2020,0,1,Ryan Miller,G,1-way,ANA,35+ (UFA),1000000,RyanMiller2020
835,27,2000000,2021,0,1,Ryan Murray,LD,1-way,COL,Stnd (UFA),2000000,RyanMurray2021
836,28,750000,2022,0,1,Ryan Murray,LD,1-way,EDM,Stnd (UFA),750000,RyanMurray2022
837,27,6150000,2021,0,8,Ryan Pulock,RD,1-way,NYI,Stnd (UFA),49200000,RyanPulock2021
838,36,2250000,2012,0,2,Ryan Smyth,LW,1-way,EDM,35+ (UFA),4500000,RyanSmyth2012
839,28,5000000,2022,0,5,Ryan Strome,"C, RW",1-way,ANA,Stnd (UFA),25000000,RyanStrome2022
840,27,7538462,2012,0,13,Ryan Suter,LD,1-way,MIN,Stnd (UFA),98000000,RyanSuter2012
841,36,3650000,2021,0,4,Ryan Suter,LD,1-way,DAL,35+ (UFA),14600000,RyanSuter2021
842,26,575000,2014,0,1,Ryan White,C,1-way,PHI,Stnd (UFA),575000,RyanWhite2014
843,30,900000,2013,0,1,Ryan Whitney,D,1-way,FLA,Stnd (UFA),900000,RyanWhitney2013
844,30,750000,2022,0,1,Sakari Manninen,"C, LW",1-way,VGK,Stnd (UFA),750000,SakariManninen2022
845,30,850000,2022,0,2,Sam Carrick,"C, RW",1-way,ANA,Stnd (UFA),1700000,SamCarrick2022
846,26,650000,2016,0,1,Sam Gagner,"RW, C",1-way,CBJ,Stnd (UFA),650000,SamGagner2016
847,27,3150000,2017,0,3,Sam Gagner,"RW, C",1-way,VAN,Stnd (UFA),9450000,SamGagner2017
848,31,850000,2021,0,1,Sam Gagner,"RW, C",1-way,DET,Stnd (UFA),850000,SamGagner2021
849,32,750000,2022,0,1,Sam Gagner,"RW, C",1-way,WPG,Stnd (UFA),750000,SamGagner2022
850,37,3750000,2012,0,2,Sami Salo,D,1-way,TBL,35+ (UFA),7500000,SamiSalo2012
851,29,2000000,2021,0,1,Sami Vatanen,LD/RD,1-way,NJD,Stnd (UFA),2000000,SamiVatanen2021
852,24,825000,2022,0,1,Sam Steel,"C, LW",1-way,MIN,Stnd (UFA),825000,SamSteel2022
853,34,1200000,2012,0,2,Scott Clemmensen,G,1-way,FLA,Stnd (UFA),2400000,ScottClemmensen2012
854,33,900000,2013,0,1,Scott Gomez,C,1-way,FLA,Stnd (UFA),900000,ScottGomez2013
855,35,575000,2016,0,1,Scott Gomez,C,1-way,OTT,35+ (UFA),575000,ScottGomez2016
856,33,1000000,2012,0,1,Scott Hannan,D,1-way,NSH,Stnd (UFA),1000000,ScottHannan2012
857,34,1000000,2013,0,1,Scott Hannan,D,1-way,SJS,Stnd (UFA),1000000,ScottHannan2013
858,35,1000000,2014,0,1,Scott Hannan,D,1-way,SJS,35+ (UFA),1000000,ScottHannan2014
859,35,1000000,2017,0,1,Scott Hartnell,LW,1-way,NSH,35+ (UFA),1000000,ScottHartnell2017
860,33,800000,2017,0,1,Scottie Upshall,LW,1-way,STL,Stnd (UFA),800000,ScottieUpshall2017
861,26,1050000,2018,0,2,Scott Wilson,LW,1-way,BUF,Stnd (UFA),2100000,ScottWilson2018
862,28,2500000,2021,0,4,Sean Kuraly,"C, LW",1-way,CBJ,Stnd (UFA),10000000,SeanKuraly2021
863,31,525000,2012,0,1,Sebastien Caron,G,1-way,TBL,Stnd (UFA),525000,SebastienCaron2012
864,31,5000000,2019,0,4,Semyon Varlamov,G,1-way,NYI,Stnd (UFA),20000000,SemyonVarlamov2019
865,30,10000000,2019,0,7,Sergei Bobrovsky,G,1-way,FLA,Stnd (UFA),70000000,SergeiBobrovsky2019
866,25,3000000,2012,0,2,Sergei Kostitsyn,"RW, LW",1-way,NSH,Stnd (UFA),6000000,SergeiKostitsyn2012
867,24,650000,2017,0,1,Seth Griffith,"RW, C",1-way,BUF,Stnd (UFA),650000,SethGriffith2017
868,35,5300000,2012,0,4,Shane Doan,"RW, LW",1-way,ARI,35+ (UFA),21200000,ShaneDoan2012
869,39,3876134,2016,0,1,Shane Doan,"RW, LW",1-way,ARI,35+ (UFA),4839572,ShaneDoan2016
870,31,650000,2014,0,1,Shane O'Brien,LD,1-way,FLA,Stnd (UFA),650000,ShaneOBrien2014
871,36,1750000,2015,0,1,Shawn Horcoff,C,1-way,ANA,35+ (UFA),1750000,ShawnHorcoff2015
872,27,2300000,2015,0,1,Shawn Matthias,"C, LW",1-way,TOR,Stnd (UFA),2300000,ShawnMatthias2015
873,28,2125000,2016,0,2,Shawn Matthias,"C, LW",1-way,WPG,Stnd (UFA),4250000,ShawnMatthias2016
874,36,1200000,2014,0,2,Shawn Thornton,"LW, RW",1-way,FLA,35+ (UFA),2400000,ShawnThornton2014
875,35,3666667,2012,0,3,Sheldon Souray,D,1-way,ANA,35+ (UFA),11000000,SheldonSouray2012
876,34,600000,2014,0,1,Simon Gagne,RW,1-way,BOS,Stnd (UFA),600000,SimonGagne2014
877,26,850000,2020,0,1,Slater Koekkoek,LD/RD,1-way,EDM,Stnd (UFA),850000,SlaterKoekkoek2020
878,27,925000,2021,0,2,Slater Koekkoek,LD/RD,1-way,EDM,Stnd (UFA),1850000,SlaterKoekkoek2021
879,26,750000,2022,0,1,Sonny Milano,"LW, RW",1-way,WSH,Stnd (UFA),750000,SonnyMilano2022
880,27,925000,2020,0,1,Stefan Noesen,"LW, RW",1-way,SJS,Stnd (UFA),925000,StefanNoesen2020
881,30,4900000,2013,0,5,Stephen Weiss,C,1-way,DET,Stnd (UFA),24500000,StephenWeiss2013
882,30,750000,2015,0,1,Steve Bernier,RW,1-way,NYI,Stnd (UFA),750000,SteveBernier2015
883,27,1000000,2014,0,1,Steve Downie,"RW, LW",1-way,PIT,Stnd (UFA),1000000,SteveDownie2014
884,28,1750000,2015,0,1,Steve Downie,"RW, LW",1-way,ARI,Stnd (UFA),1750000,SteveDownie2015
885,28,750000,2012,0,1,Steve Eminger,D,1-way,NYR,Stnd (UFA),750000,SteveEminger2012
886,29,4100000,2017,0,2,Steve Mason,G,1-way,WPG,Stnd (UFA),8200000,SteveMason2017
887,25,1000000,2015,0,1,Steve Moses,RW,1-way,NSH,Stnd (UFA),1000000,SteveMoses2015
888,31,650000,2017,0,2,Steve Oleksy,RD,1-way,ANA,Stnd (UFA),1300000,SteveOleksy2017
889,31,2600000,2014,0,2,Steve Ott,"C, LW",1-way,STL,Stnd (UFA),5200000,SteveOtt2014
890,37,1850000,2012,0,1,Steve Sullivan,LW,1-way,ARI,35+ (UFA),2600000,SteveSullivan2012
891,25,750000,2012,0,2,Stu Bickel,"D, RW",1-way,NYR,Stnd (UFA),1500000,StuBickel2012
892,24,600000,2013,0,1,T.J. Brennan,LD,1-way,TOR,Stnd (UFA),600000,T.J.Brennan2013
893,28,1100000,2012,0,2,Tanner Glass,LW,1-way,WPG,Stnd (UFA),2200000,TannerGlass2012
894,33,650000,2017,0,1,Tanner Glass,LW,1-way,CGY,Stnd (UFA),650000,TannerGlass2017
895,28,700000,2015,0,1,Taylor Chorney,RD,1-way,WSH,Stnd (UFA),700000,TaylorChorney2015
896,28,8000000,2020,0,1,Taylor Hall,LW,1-way,BUF,Stnd (UFA),8000000,TaylorHall2020
897,30,1600000,2016,0,1,Teddy Purcell,"RW, LW",1-way,LAK,Stnd (UFA),1600000,TeddyPurcell2016
898,41,4500000,2012,0,1,Teemu Selanne,RW,1-way,ANA,35+ (UFA),4500000,TeemuSelanne2012
899,42,2000000,2013,0,1,Teemu Selanne,RW,1-way,ANA,35+ (UFA),2000000,TeemuSelanne2013
900,27,750000,2013,0,1,Thomas Greiss,G,1-way,ARI,Stnd (UFA),750000,ThomasGreiss2013
901,34,3600000,2020,0,2,Thomas Greiss,G,1-way,DET,Stnd (UFA),7200000,ThomasGreiss2020
902,36,1250000,2022,0,1,Thomas Greiss,G,1-way,STL,35+ (UFA),1500000,ThomasGreiss2022
903,29,2500000,2018,0,4,Thomas Hickey,LD,1-way,NYI,Stnd (UFA),10000000,ThomasHickey2018
904,29,575000,2015,0,1,Thomas Raffl,"LW, RW",1-way,WPG,Stnd (UFA),575000,ThomasRaffl2015
905,30,6500000,2014,0,3,Thomas Vanek,"LW, RW",1-way,MIN,Stnd (UFA),19500000,ThomasVanek2014
906,32,2600000,2016,0,1,Thomas Vanek,"LW, RW",1-way,DET,Stnd (UFA),2600000,ThomasVanek2016
907,33,2000000,2017,0,1,Thomas Vanek,"LW, RW",1-way,VAN,Stnd (UFA),2000000,ThomasVanek2017
908,34,3000000,2018,0,1,Thomas Vanek,"LW, RW",1-way,DET,Stnd (UFA),3000000,ThomasVanek2018
909,31,1200000,2014,0,1,Tim Gleason,D,1-way,CAR,Stnd (UFA),1200000,TimGleason2014
910,28,960000,2019,0,1,Tim Heed,RD,1-way,SJS,Stnd (UFA),960000,TimHeed2019
911,27,1900000,2018,0,2,Tim Schaller,LW,1-way,VAN,Stnd (UFA),3800000,TimSchaller2018
912,39,2500000,2013,0,1,Tim Thomas,G,1-way,FLA,35+ (UFA),3750000,TimThomas2013
913,30,5000000,2020,0,4,TJ Brodie,LD/RD,1-way,TOR,Stnd (UFA),20000000,TJBrodie2020
914,26,700000,2014,0,1,TJ Galiardi,LW,1-way,WPG,Stnd (UFA),750000,TJGaliardi2014
915,25,2000000,2018,0,1,Tobias Rieder,"RW, LW",1-way,EDM,Stnd (UFA),2000000,TobiasRieder2018
916,27,700000,2020,0,1,Tobias Rieder,"RW, LW",1-way,BUF,Stnd (UFA),700000,TobiasRieder2020
917,31,750000,2015,0,1,Tomas Fleischmann,LW,1-way,MTL,Stnd (UFA),750000,TomasFleischmann2015
918,26,750000,2019,0,1,Tomas Jurco,"RW, LW",1-way,EDM,Stnd (UFA),750000,TomasJurco2019
919,27,700000,2020,0,1,Tomas Jurco,"RW, LW",1-way,VGK,Stnd (UFA),700000,TomasJurco2020
920,26,1000000,2019,0,1,Tomas Nosek,"LW, C",1-way,VGK,Stnd (UFA),1000000,TomasNosek2019
921,27,1250000,2020,0,1,Tomas Nosek,"LW, C",1-way,VGK,Stnd (UFA),1250000,TomasNosek2020
922,28,1750000,2021,0,2,Tomas Nosek,"LW, C",1-way,BOS,Stnd (UFA),3500000,TomasNosek2021
923,35,2250000,2018,0,1,Tomas Plekanec,C,1-way,MTL,35+ (UFA),3500000,TomasPlekanec2018
924,30,4500000,2021,0,2,Tomas Tatar,"LW, RW",1-way,NJD,Stnd (UFA),9000000,TomasTatar2021
925,30,900000,2013,0,1,Tom Gilbert,RD,1-way,FLA,Stnd (UFA),900000,TomGilbert2013
926,33,1400000,2016,0,1,Tom Gilbert,RD,1-way,LAK,Stnd (UFA),1400000,TomGilbert2016
927,26,700000,2018,0,1,Tom Kühnhackl,RW,1-way,NYI,Stnd (UFA),700000,TomKühnhackl2018
928,29,750000,2017,0,1,Tommy Wingels,"RW, LW",1-way,CHI,Stnd (UFA),750000,TommyWingels2017
929,29,6500000,2020,0,7,Torey Krug,LD,1-way,STL,Stnd (UFA),45500000,ToreyKrug2020
930,27,1900000,2012,0,3,Torrey Mitchell,"C, RW",1-way,MIN,Stnd (UFA),5700000,TorreyMitchell2012
931,26,700000,2020,0,1,Travis Boyd,"C, RW",1-way,TOR,Stnd (UFA),700000,TravisBoyd2020
932,27,750000,2021,0,1,Travis Boyd,"C, RW",1-way,ARI,Stnd (UFA),750000,TravisBoyd2021
933,30,3000000,2021,0,2,Travis Hamonic,RD,1-way,VAN,Stnd (UFA),6000000,TravisHamonic2021
934,33,3166666,2017,0,3,Trevor Daley,RD,1-way,DET,Stnd (UFA),9500000,TrevorDaley2017
935,34,800000,2021,0,1,Trevor Lewis,"RW, C",1-way,CGY,Stnd (UFA),800000,TrevorLewis2021
936,35,800000,2022,0,1,Trevor Lewis,"RW, C",1-way,CGY,35+ (UFA),1000000,TrevorLewis2022
937,28,550000,2013,0,1,Trevor Smith,C,1-way,TOR,Stnd (UFA),550000,TrevorSmith2013
938,29,550000,2014,0,1,Trevor Smith,C,1-way,TOR,Stnd (UFA),550000,TrevorSmith2014
939,28,800000,2020,0,1,Trevor van Riemsdyk,RD,1-way,WSH,Stnd (UFA),800000,TrevorvanRiemsdyk2020
940,29,600000,2014,0,1,Troy Bodie,RW,1-way,TOR,Stnd (UFA),600000,TroyBodie2014
941,30,4500000,2016,0,4,Troy Brouwer,"LW, RW",1-way,CGY,Stnd (UFA),18000000,TroyBrouwer2016
942,32,850000,2018,0,1,Troy Brouwer,"LW, RW",1-way,FLA,Stnd (UFA),850000,TroyBrouwer2018
943,32,750000,2022,0,1,Troy Grosenick,G,1-way,PHI,Stnd (UFA),750000,TroyGrosenick2022
944,26,1700000,2020,0,2,Troy Stecher,RD,1-way,DET,Stnd (UFA),3400000,TroyStecher2020
945,28,1250000,2022,0,1,Troy Stecher,RD,1-way,ARI,Stnd (UFA),1250000,TroyStecher2022
946,28,2500000,2021,0,4,Tucker Poolman,RD,1-way,VAN,Stnd (UFA),10000000,TuckerPoolman2021
947,28,750000,2022,0,1,Turner Elson,LW,1-way,DET,Stnd (UFA),750000,TurnerElson2022
948,34,1000000,2022,0,1,Tuukka Rask,G,1-way,BOS,Stnd (UFA),1000000,TuukkaRask2022
949,27,4200000,2013,0,5,Tyler Bozak,"C, RW",1-way,TOR,Stnd (UFA),21000000,TylerBozak2013
950,32,5000000,2018,0,3,Tyler Bozak,"C, RW",1-way,STL,Stnd (UFA),15000000,TylerBozak2018
951,35,750000,2021,0,1,Tyler Bozak,"C, RW",1-way,STL,35+ (UFA),2000000,TylerBozak2021
952,28,650000,2018,0,1,Tyler Ennis,"LW, RW",1-way,TOR,Stnd (UFA),650000,TylerEnnis2018
953,29,800000,2019,0,1,Tyler Ennis,"LW, RW",1-way,OTT,Stnd (UFA),800000,TylerEnnis2019
954,30,1000000,2020,0,1,Tyler Ennis,"LW, RW",1-way,EDM,Stnd (UFA),1000000,TylerEnnis2020
955,31,900000,2021,0,1,Tyler Ennis,"LW, RW",1-way,OTT,Stnd (UFA),900000,TylerEnnis2021
956,27,1350000,2022,0,1,Tyler Motte,"LW, RW",1-way,OTT,Stnd (UFA),1350000,TylerMotte2022
957,29,6000000,2019,0,5,Tyler Myers,RD,1-way,VAN,Stnd (UFA),30000000,TylerMyers2019
958,25,1000000,2017,0,3,Tyler Pitlick,RW,1-way,DAL,Stnd (UFA),3000000,TylerPitlick2017
959,28,1750000,2020,0,2,Tyler Pitlick,RW,1-way,ARI,Stnd (UFA),3500000,TylerPitlick2020
960,30,750000,2022,0,1,Tyler Pitlick,RW,1-way,STL,Stnd (UFA),750000,TylerPitlick2022
961,28,4250000,2020,0,4,Tyler Toffoli,"RW, LW",1-way,MTL,Stnd (UFA),17000000,TylerToffoli2020
962,28,3750000,2020,0,1,Tyson Barrie,RD,1-way,EDM,Stnd (UFA),3750000,TysonBarrie2020
963,29,4500000,2021,0,3,Tyson Barrie,RD,1-way,EDM,Stnd (UFA),13500000,TysonBarrie2021
964,30,4500000,2017,0,2,Vadim Shipachyov,C,1-way,VGK,Stnd (UFA),9000000,VadimShipachyov2017
965,24,850000,2019,0,1,Valeri Nichushkin,"RW, LW",1-way,COL,Stnd (UFA),850000,ValeriNichushkin2019
966,29,5000000,2013,0,5,Valtteri Filppula,"C, LW",1-way,TBL,Stnd (UFA),25000000,ValtteriFilppula2013
967,34,2750000,2018,0,1,Valtteri Filppula,"C, LW",1-way,NYI,Stnd (UFA),2750000,ValtteriFilppula2018
968,35,3000000,2019,0,2,Valtteri Filppula,"C, LW",1-way,DET,35+ (UFA),6000000,ValtteriFilppula2019
969,34,1250000,2014,0,2,Vernon Fiddler,"C, LW",1-way,DAL,Stnd (UFA),2500000,VernonFiddler2014
970,36,1250000,2016,0,1,Vernon Fiddler,"C, LW",1-way,NJD,35+ (UFA),1250000,VernonFiddler2016
971,24,750000,2022,0,1,Victor Mete,LD/RD,1-way,TOR,Stnd (UFA),750000,VictorMete2022
972,27,3000000,2013,0,4,Viktor Stalberg,"LW, RW",1-way,NSH,Stnd (UFA),12000000,ViktorStalberg2013
973,29,1100000,2015,0,1,Viktor Stalberg,"LW, RW",1-way,NYR,Stnd (UFA),1100000,ViktorStalberg2015
974,30,1500000,2016,0,1,Viktor Stalberg,"LW, RW",1-way,CAR,Stnd (UFA),1500000,ViktorStalberg2016
975,27,1040000,2015,0,1,Viktor Tikhonov,"C, RW",1-way,CHI,Stnd (UFA),1040000,ViktorTikhonov2015
976,33,4500000,2013,0,5,Vincent Lecavalier,"C, LW",1-way,PHI,Stnd (UFA),22500000,VincentLecavalier2013
977,28,725000,2017,0,2,Vincent LoVerde,RD,1-way,TOR,Stnd (UFA),1450000,VincentLoVerde2017
978,28,5625000,2022,0,7,Vincent Trocheck,"C, RW",1-way,NYR,Stnd (UFA),39375000,VincentTrocheck2022
979,26,1000000,2020,0,1,Vinnie Hinostroza,"RW, LW",1-way,FLA,Stnd (UFA),1000000,VinnieHinostroza2020
980,27,1050000,2021,0,1,Vinnie Hinostroza,"RW, LW",1-way,BUF,Stnd (UFA),1050000,VinnieHinostroza2021
981,28,2725000,2017,0,1,Vladimír Sobotka,"LW, C",1-way,STL,Stnd (UFA),2725000,VladimírSobotka2017
982,27,2000000,2020,0,2,Vladislav Namestnikov,"LW, RW, C",1-way,DET,Stnd (UFA),4000000,VladislavNamestnikov2020
983,29,2500000,2022,0,1,Vladislav Namestnikov,"LW, RW, C",1-way,TBL,Stnd (UFA),2500000,VladislavNamestnikov2022
984,35,1000000,2013,0,1,Wade Redden,D,1-way,STL,35+ (UFA),1000000,WadeRedden2013
985,30,5000000,2019,0,1,Wayne Simmonds,"RW, LW",1-way,NJD,Stnd (UFA),5000000,WayneSimmonds2019
986,31,1500000,2020,0,1,Wayne Simmonds,"RW, LW",1-way,TOR,Stnd (UFA),1500000,WayneSimmonds2020
987,37,4250000,2014,0,2,Willie Mitchell,LD,1-way,FLA,35+ (UFA),8500000,WillieMitchell2014
988,28,612500,2016,0,2,Will O'Neill,LD,1-way,PHI,Stnd (UFA),1225000,WillONeill2016
989,26,600000,2012,0,1,Wojtek Wolski,RW,1-way,WSH,Stnd (UFA),600000,WojtekWolski2012
990,24,650000,2013,0,1,Yannick Weber,RD,1-way,VAN,Stnd (UFA),650000,YannickWeber2013
991,26,1500000,2015,0,1,Yannick Weber,RD,1-way,VAN,Stnd (UFA),1500000,YannickWeber2015
992,27,575000,2016,0,1,Yannick Weber,RD,1-way,NSH,Stnd (UFA),575000,YannickWeber2016
993,32,3000000,2015,0,1,Yevgeni Medvedev,RD,1-way,PHI,Stnd (UFA),3000000,YevgeniMedvedev2015
994,27,700000,2017,0,1,Yohann Auvitu,"LD, LW",1-way,EDM,Stnd (UFA),700000,YohannAuvitu2017
995,27,850000,2022,0,1,Zachary Sanford,"LW, RW",1-way,NSH,Stnd (UFA),850000,ZacharySanford2022
996,27,840630,2022,0,1,Zach Aston-Reese,"LW, RW",1-way,TOR,Stnd (UFA),840630,ZachAston-Reese2022
997,29,1000000,2020,0,1,Zach Bogosian,RD,1-way,TOR,Stnd (UFA),1000000,ZachBogosian2020
998,30,850000,2021,0,3,Zach Bogosian,RD,1-way,TBL,Stnd (UFA),2550000,ZachBogosian2021
999,29,5500000,2021,0,7,Zach Hyman,"RW, LW",1-way,EDM,Stnd (UFA),38500000,ZachHyman2021
1000,27,7538462,2012,0,13,Zach Parise,LW,1-way,MIN,Stnd (UFA),98000000,ZachParise2012
1001,36,750000,2021,0,1,Zach Parise,LW,1-way,NYI,35+ (UFA),1500000,ZachParise2021
1002,27,612500,2016,0,2,Zach Redmond,RD,1-way,MTL,Stnd (UFA),1225000,ZachRedmond2016
1003,25,650000,2016,0,1,Zach Trotman,RD,1-way,LAK,Stnd (UFA),650000,ZachTrotman2016
1004,43,795000,2020,0,1,Zdeno Chara,LD,1-way,WSH,35+ (UFA),1525000,ZdenoChara2020
1005,44,750000,2021,0,1,Zdeno Chara,LD,1-way,NYI,35+ (UFA),1500000,ZdenoChara2021
